"","Train_size","N_trade","Win_ratio","Mean_gain","Mean_loss","Payoff_ratio","Profit_factor","Cum_Profit","Buy_hold"
"xgb_test_result",1168,307,0.563517915309446,1.92315518553852,2.90984436901725,0.660913417231325,0.853268814783725,-57.2132983501478,152.767505645752
"lr_test_result",1168,212,0.608490566037736,1.98002820554333,2.63667510538219,0.750956460847805,1.16714919818514,36.5796047683671,152.767505645752
"nn_test_result",1168,216,0.574074074074074,2.17823879477598,2.94334469577953,0.740055623760057,0.997466275502685,-0.686101459496001,152.767505645752
