"","Train_size","N_trade","Win_ratio","Mean_gain","Mean_loss","Payoff_ratio","Profit_factor","Cum_Profit","Buy_hold"
"xgb_test_result",1192,183,0.568306010928962,1.53246338397538,1.72154711572669,0.890166391599743,1.17186461678953,23.3739697910303,139.367496490479
"svm_test_result",1192,53,0.735849056603774,0.724079515750595,1.27909125426158,0.566089020887417,1.57696227247209,10.3318235546111,139.367496490479
"lr_test_result",1192,127,0.645669291338583,2.05639009676213,2.40366888623553,0.855521369244293,1.55895005062293,60.4588880538955,139.367496490479
"nn_test_result",1192,140,0.578571428571429,1.92379125342189,2.75917354894086,0.697234595540523,0.957220376928514,-6.96414786033768,139.367496490479
