"","Train_size","N_trade","Win_ratio","Mean_gain","Mean_loss","Payoff_ratio","Profit_factor","Cum_Profit","Buy_hold"
"xgb_test_result",1253,182,0.620879120879121,1.37597637473589,2.01510594403921,0.682830785550556,1.1182591125683,16.4430202064498,139.367496490479
"svm_test_result",1253,46,0.673913043478261,0.82660595407794,1.98706317654927,0.415993796187911,0.859720512121684,-4.18116307182289,139.367496490479
"lr_test_result",1253,128,0.6640625,1.94483637927787,2.35925889735551,0.82434207685211,1.62951340773092,63.8629596523314,139.367496490479
"nn_test_result",1253,127,0.559055118110236,1.95639482241889,2.37980022401811,0.822083636548142,1.04228461062354,5.63521984672702,139.367496490479
