"","Train_size","N_trade","Win_ratio","Mean_gain","Mean_loss","Payoff_ratio","Profit_factor","Cum_Profit","Buy_hold"
"xgb_test_result",1166,177,0.581920903954802,1.6698038380151,2.01930979086388,0.826918111113966,1.15098061411809,22.5608707916278,139.367496490479
"svm_test_result",1166,53,0.811320754716981,0.869692904024354,1.93876414539339,0.448581074748465,1.9288986214184,18.0091534191133,139.367496490479
"lr_test_result",1166,129,0.689922480620155,1.94460669532946,2.06038770377157,0.943806202963561,2.09996880159392,90.6544877334589,139.367496490479
"nn_test_result",1166,129,0.534883720930233,1.88098638653964,2.03407855454762,0.924736354126686,1.06344680724569,7.74334739837828,139.367496490479
