"","Train_size","N_trade","Win_ratio","Mean_gain","Mean_loss","Payoff_ratio","Profit_factor","Cum_Profit","Buy_hold"
"xgb_test_result",1314,164,0.51219512195122,8.98239570619499,9.2997693354225,0.965872956868011,1.01416660471141,10.5396924865791,350.089996337891
"svm_test_result",1314,50,0.66,5.94908406987048,5.37184953900493,1.10745545396874,2.14976646946873,104.998332142642,350.089996337891
"lr_test_result",1314,125,0.592,6.8026692343841,8.4980694347605,0.800495840450357,1.1615037684966,69.9959821716377,350.089996337891
"nn_test_result",1314,145,0.537931034482759,7.49741447992565,8.47556682812127,0.884591512516874,1.02982295487039,16.935351950075,350.089996337891
