"","Train_size","N_trade","Win_ratio","Mean_gain","Mean_loss","Payoff_ratio","Profit_factor","Cum_Profit","Buy_hold"
"xgb_test_result",1176,172,0.581395348837209,6.99048577078252,10.3962656316545,0.67240353589061,0.933893799848069,-49.4825484008734,350.089996337891
"svm_test_result",1176,54,0.518518518518518,4.231988260923,5.45529728692847,0.775757587228719,0.835431247784774,-23.3420581542961,350.089996337891
"lr_test_result",1176,142,0.584507042253521,7.52649968850005,9.52844512515306,0.789897993811362,1.11121243197192,62.521211761474,350.089996337891
"nn_test_result",1176,146,0.547945205479452,7.40920243770601,8.99362967554721,0.823827832032143,0.998579190341991,-0.843363569635727,350.089996337891
