"","Train_size","N_trade","Win_ratio","Mean_gain","Mean_loss","Payoff_ratio","Profit_factor","Cum_Profit","Buy_hold"
"xgb_test_result",1240,161,0.503105590062112,6.79294922426956,7.7517198597717,0.876315107763662,0.887269046610708,-69.9087016159017,350.089996337891
"svm_test_result",1240,56,0.642857142857143,3.96869665976633,6.78828477836608,0.584639093576976,1.05235036843856,7.10738418426621,350.089996337891
"lr_test_result",1240,121,0.553719008264463,7.3645482155871,10.8776476854395,0.677035001367537,0.840024909104167,-93.9682445693957,350.089996337891
"nn_test_result",1240,143,0.566433566433566,7.07343297360258,9.40308867507443,0.752245694795236,0.982772601264744,-10.0434269928056,350.089996337891
