"","Train_size","N_trade","Win_ratio","Mean_gain","Mean_loss","Payoff_ratio","Profit_factor","Cum_Profit","Buy_hold"
"xgb_test_result",1222,150,0.5,6.87462764503986,8.38142746838379,0.82022157573661,0.82022157573661,-113.009986750795,350.089996337891
"svm_test_result",1222,57,0.596491228070175,3.77569096944471,5.98781403045652,0.630562497472361,0.932135865828708,-9.34622973937988,350.089996337891
"lr_test_result",1222,147,0.523809523809524,7.28491897234232,8.80823746815276,0.827057512775038,0.909763264052541,-55.6378619003348,350.089996337891
"nn_test_result",1222,148,0.52027027027027,7.68497986095472,9.54463103437825,0.805162591751807,0.873204500913931,-85.9253541473423,350.089996337891
