"","Train_size","N_trade","Win_ratio","Mean_gain","Mean_loss","Payoff_ratio","Profit_factor","Cum_Profit","Buy_hold"
"xgb_test_result",1215,226,0.455752212389381,2.08133848883619,2.11173659103209,0.985605163861353,0.825344161607474,-45.3657363468186,54.6199989318852
"lr_test_result",1215,199,0.447236180904523,1.90687050593944,1.9691524239419,0.968371205171725,0.78350033872985,-46.8952916049987,54.6199989318852
"nn_test_result",1215,215,0.437209302325581,1.86564080358054,1.88795337351019,0.988181609650579,0.767678275265739,-53.0721226581621,54.6199989318852
