"","Train_size","N_trade","Win_ratio","Mean_gain","Mean_loss","Payoff_ratio","Profit_factor","Cum_Profit","Buy_hold"
"xgb_test_result",1215,130,0.507692307692308,1.97335478997667,2.28258736088869,0.864525416984861,0.891541836265638,-15.844174958416,58.1700019836422
"svm_test_result",1215,62,0.419354838709677,1.85251835720354,1.86431176715424,0.993674121379008,0.717653532107062,-18.9497463302607,58.1700019836422
"lr_test_result",1215,121,0.471074380165289,2.0211669939476,1.97388912150864,1.02395163533949,0.911956925224235,-11.1223851215395,58.1700019836422
"nn_test_result",1215,122,0.475409836065574,2.01009106140789,2.07764650368691,0.967484631211741,0.87678294703564,-16.3840946743044,58.1700019836422
