"","Train_size","N_trade","Win_ratio","Mean_gain","Mean_loss","Payoff_ratio","Profit_factor","Cum_Profit","Buy_hold"
"xgb_test_result",1269,110,0.545454545454545,0.84335122794468,1.57516177372741,0.535406103684833,0.642487324421799,-28.1570150096895,58.1700019836422
"svm_test_result",1269,94,0.606382978723404,1.15408223817389,1.76048497896966,0.655547904106131,1.00989812254188,0.644743354034084,58.1700019836422
"lr_test_result",1269,172,0.575581395348837,0.98688865685512,1.63986265705586,0.601811775278144,0.816155695240223,-22.0079969364207,58.1700019836422
"nn_test_result",1269,120,0.425,1.27284872083477,1.45945746240481,0.872138279890285,0.644623946005863,-35.7872801433585,58.1700019836422
