"","Train_size","N_trade","Win_ratio","Mean_gain","Mean_loss","Payoff_ratio","Profit_factor","Cum_Profit","Buy_hold"
"xgb_test_result",1378,164,0.50609756097561,11.5097040314824,11.6025208423568,0.992000289235805,1.01649412353792,15.5012463821382,454.149963378906
"svm_test_result",1378,107,0.644859813084112,8.44574168022262,9.18719791793825,0.919294626681776,1.66924550634322,233.642655053708,454.149963378906
"lr_test_result",1378,114,0.578947368421053,13.6744514211481,15.2527610296885,0.896523022587956,1.23271915605844,170.381264370727,454.149963378906
"nn_test_result",1378,132,0.537878787878788,12.1160691332535,11.1627527035072,1.08540155417461,1.26333623518684,179.312993547061,454.149963378906
