"","Train_size","N_trade","Win_ratio","Mean_gain","Mean_loss","Payoff_ratio","Profit_factor","Cum_Profit","Buy_hold"
"xgb_test_result",1204,164,0.548780487804878,9.44300621795651,10.763470249774,0.877319860493393,1.06701064114061,53.3737611328098,454.149963378906
"svm_test_result",1204,100,0.61,6.97350230347673,10.0801386215992,0.691806190892479,1.08205583703695,32.2582342697103,454.149963378906
"lr_test_result",1204,104,0.653846153846154,14.7062723949433,21.7630266762204,0.675745732141762,1.27640860515666,216.557562512207,454.149963378906
"nn_test_result",1204,139,0.589928057553957,9.79156419811705,15.1863782281709,0.644759668895483,0.927548997358414,-62.7152947601444,454.149963378906
