"","Train_size","N_trade","Win_ratio","Mean_gain","Mean_loss","Payoff_ratio","Profit_factor","Cum_Profit","Buy_hold"
"xgb_test_result",1274,174,0.545977011494253,8.72152487854,11.8916142566343,0.733418078514805,0.881958448846918,-110.892662812811,454.149963378906
"svm_test_result",1274,94,0.595744680851064,6.15612497640332,9.99359270774445,0.616007191451047,0.907800071612069,-35.0135242157033,454.149963378906
"lr_test_result",1274,116,0.594827586206897,15.5085071435459,16.2409687887314,0.954900372341476,1.40187501471408,306.761459834291,454.149963378906
"nn_test_result",1274,126,0.484126984126984,10.1103228706485,10.3170405076951,0.979963475291927,0.919658030658578,-53.8779378906242,454.149963378906
