"","Train_size","N_trade","Win_ratio","Mean_gain","Mean_loss","Payoff_ratio","Profit_factor","Cum_Profit","Buy_hold"
"xgb_test_result",1238,184,0.603260869565217,7.55228244222001,13.7277028790827,0.550149031396041,0.836527979246035,-163.818959086619,454.149963378906
"svm_test_result",1238,111,0.594594594594595,6.34305174958195,8.79587697323275,0.721139207481512,1.05767083763955,22.8269516769349,454.149963378906
"lr_test_result",1238,144,0.569444444444444,8.59577264475009,12.4273325521899,0.691682837700785,0.914806333733297,-65.6412613662697,454.149963378906
"nn_test_result",1238,163,0.558282208588957,9.63184966690561,11.6230134652244,0.828687817984876,1.04736932550866,39.6413501922565,454.149963378906
