"","Train_size","N_trade","Win_ratio","Mean_gain","Mean_loss","Payoff_ratio","Profit_factor","Cum_Profit","Buy_hold"
"xgb_test_result",1299,168,0.547619047619048,3.78780729032598,4.10471208894628,0.922794877751912,1.11706748359442,36.5201519500728,100.31999206543
"svm_test_result",1299,137,0.605839416058394,2.56422840261809,2.62214956561898,0.977910808841594,1.50308513210838,71.2348808738767,100.31999206543
"lr_test_result",1299,178,0.528089887640449,2.95254771085698,3.69610086896077,0.798827687753864,0.893926222010276,-32.9329881721486,100.31999206543
"nn_test_result",1299,156,0.538461538461538,4.35542672775815,3.41042919480004,1.27709050063229,1.48993891740433,120.304943106081,100.31999206543
