"","Train_size","N_trade","Win_ratio","Mean_gain","Mean_loss","Payoff_ratio","Profit_factor","Cum_Profit","Buy_hold"
"xgb_test_result",1245,181,0.535911602209945,3.20499096246311,4.05592482521417,0.790199794271057,0.912492619574911,-29.8135619590687,100.31999206543
"svm_test_result",1245,143,0.58041958041958,2.51292082124278,3.74168776112871,0.671600887532299,0.92904789441968,-15.9288375045718,100.31999206543
"lr_test_result",1245,169,0.544378698224852,2.80150444872482,3.78586997825324,0.739989610001715,0.88414343013192,-33.7735790428163,100.31999206543
"nn_test_result",1245,149,0.483221476510067,3.53947543857363,3.62972012223082,0.975137288656369,0.911816685496865,-24.646217834472,100.31999206543
