"","Train_size","N_trade","Win_ratio","Mean_gain","Mean_loss","Payoff_ratio","Profit_factor","Cum_Profit","Buy_hold"
"xgb_test_result",1284,173,0.554913294797688,2.69563287676973,3.91949036710661,0.687750861538577,0.857455619580564,-43.0200020973154,100.31999206543
"svm_test_result",1284,149,0.570469798657718,2.52722686140175,3.33545907051562,0.75768486675241,1.00630021365555,1.3449027061487,100.31999206543
"lr_test_result",1284,169,0.550295857988166,2.61759262300718,4.23012179895699,0.618798405202564,0.757213837945242,-78.053142781063,100.31999206543
"nn_test_result",1284,153,0.568627450980392,3.67446614797304,4.4193667338862,0.831446306503257,1.09599740402702,28.0003504371657,100.31999206543
