"","Train_size","N_trade","Win_ratio","Mean_gain","Mean_loss","Payoff_ratio","Profit_factor","Cum_Profit","Buy_hold"
"xgb_test_result",1242,294,0.523809523809524,3.74155609183863,4.20125412015095,0.89058076108574,0.979638837194314,-11.9759386779835,93.8999938964842
"lr_test_result",1242,229,0.524017467248908,3.35647497092563,3.80649649465018,0.881775400461545,0.970761908765004,-12.131121405794,93.8999938964842
"nn_test_result",1242,240,0.5125,4.28075961888629,5.33105002376199,0.80298620343192,0.844164983095096,-97.1994196571393,93.8999938964842
