"","Train_size","N_trade","Win_ratio","Mean_gain","Mean_loss","Payoff_ratio","Profit_factor","Cum_Profit","Buy_hold"
"xgb_test_result",1153,162,0.549382716049383,1.69808123815729,2.33089850621163,0.728509299582139,0.88818257072343,-19.0263607574503,126.099998474121
"svm_test_result",1153,92,0.66304347826087,1.13038223043973,0.970177731310932,1.16512902116638,2.29267323519836,38.8778063861844,126.099998474121
"lr_test_result",1153,160,0.58125,1.57818749784245,2.03233429601869,0.776539322755166,1.07788294054075,10.6050394660956,126.099998474121
"nn_test_result",1153,141,0.567375886524823,1.59144451338292,1.40751416555934,1.13067743993219,1.48285565892746,41.4571969715142,126.099998474121
