"","Train_size","N_trade","Win_ratio","Mean_gain","Mean_loss","Payoff_ratio","Profit_factor","Cum_Profit","Buy_hold"
"xgb_test_result",1199,186,0.56989247311828,1.6713698546068,2.01087028954983,0.831167412086518,1.10129682101464,16.2955814243344,126.099998474121
"svm_test_result",1199,94,0.659574468085106,1.0291205889548,1.00330569287539,1.02572984112691,1.98735156718339,31.699694343185,126.099998474121
"lr_test_result",1199,177,0.564971751412429,1.56034552090077,1.89011981280932,0.825527308018424,1.07211338703691,10.495326503759,126.099998474121
"nn_test_result",1199,132,0.537878787878788,1.63971732704267,1.67415228858702,0.979431404311847,1.13999392960887,14.2966406162219,126.099998474121
