"","Train_size","N_trade","Win_ratio","Mean_gain","Mean_loss","Payoff_ratio","Profit_factor","Cum_Profit","Buy_hold"
"xgb_test_result",1276,180,0.561111111111111,1.76773160224388,2.10426526443869,0.84007070406849,1.07401444444199,12.3039359359752,126.099998474121
"svm_test_result",1276,92,0.673913043478261,0.997055284936962,1.19337331370036,0.835493196881818,1.72668594022242,26.0162282550808,126.099998474121
"lr_test_result",1276,180,0.555555555555556,1.56319462881474,2.07402673880099,0.753700325830145,0.942125407287681,-9.60267622260533,126.099998474121
"nn_test_result",1276,130,0.484615384615385,1.4504862441775,1.99930916908607,0.725493718833165,0.682180660992379,-42.5730809455842,126.099998474121
