"","Train_size","N_trade","Win_ratio","Mean_gain","Mean_loss","Payoff_ratio","Profit_factor","Cum_Profit","Buy_hold"
"xgb_test_result",1189,192,0.552083333333333,1.65693312617972,2.17477467310706,0.761887264307938,0.939070349030714,-11.395710512156,126.099998474121
"svm_test_result",1189,86,0.674418604651163,1.09731029361198,1.12093250549861,0.978926285239514,2.02777587656756,32.2578868755336,126.099998474121
"lr_test_result",1189,167,0.604790419161677,1.79513354011009,2.02655981043035,0.885803385062139,1.35554760441327,47.5555400627161,126.099998474121
"nn_test_result",1189,135,0.592592592592593,2.50860640878677,2.5054145413763,1.00127398774045,1.45639852762248,62.8907129272448,126.099998474121
