"","Train_size","N_trade","Win_ratio","Mean_gain","Mean_loss","Payoff_ratio","Profit_factor","Cum_Profit","Buy_hold"
"xgb_test_result",1215,163,0.45398773006135,3.28023292925037,3.9972958588161,0.820612995661996,0.682307434595367,-113.022094670105,33.739990234375
"svm_test_result",1215,131,0.305343511450382,5.6990136173248,3.83884228907991,1.48456570709779,0.652556354768258,-121.37410361328,33.739990234375
"lr_test_result",1215,129,0.356589147286822,4.81857339238713,4.10566004679118,1.17364159172242,0.650451966496761,-119.11540783386,33.739990234375
"nn_test_result",1215,127,0.377952755905512,5.08143069569268,4.43161915766078,1.14663072680977,0.696687023884418,-106.189240061953,33.739990234375
