"","Train_size","N_trade","Win_ratio","Mean_gain","Mean_loss","Payoff_ratio","Profit_factor","Cum_Profit","Buy_hold"
"xgb_test_result",1147,171,0.43859649122807,2.86429000079344,3.72692149070107,0.768540471791543,0.600422243587143,-142.962713047795,33.739990234375
"svm_test_result",1147,127,0.440944881889764,2.97916910531184,4.17846943645215,0.712980949273471,0.562351171257949,-129.83786009064,33.739990234375
"lr_test_result",1147,138,0.420289855072464,2.55971734050885,4.33889004281996,0.589947501606937,0.42771193866503,-198.647597676083,33.739990234375
"nn_test_result",1147,137,0.452554744525547,3.08931746218282,4.09665147117101,0.754107954734004,0.623395909246776,-115.711177682491,33.739990234375
