"","Train_size","N_trade","Win_ratio","Mean_gain","Mean_loss","Payoff_ratio","Profit_factor","Cum_Profit","Buy_hold"
"xgb_test_result",1203,164,0.457317073170732,2.9348341474609,3.51346851952367,0.835309646622017,0.703912623557879,-92.5861371780395,33.739990234375
"svm_test_result",1203,127,0.488188976377953,2.53082494538832,4.44059504533036,0.56992923685975,0.543624810543146,-131.727531332398,33.739990234375
"lr_test_result",1203,148,0.425675675675676,2.72415822380918,4.06913471904084,0.6694686737851,0.496194428805427,-174.254483018493,33.739990234375
"nn_test_result",1203,157,0.394904458598726,3.93374975713917,3.16034522147731,1.24472153561133,0.812344581135816,-56.3403110977159,33.739990234375
