"","Train_size","N_trade","Win_ratio","Mean_gain","Mean_loss","Payoff_ratio","Profit_factor","Cum_Profit","Buy_hold"
"xgb_test_result",1215,149,0.436241610738255,34.1405825839472,46.8562594930006,0.728623730390753,0.563815981849988,-1716.78792945548,1913.92016601562
"svm_test_result",1215,58,0.568965517241379,29.5746524303081,39.4420512861329,0.749825413890327,0.989769546335232,-10.0877519531548,1913.92016601562
"lr_test_result",1215,148,0.547297297297297,42.2323968293369,57.5746800996245,0.733523777401107,0.886797402529696,-436.679423498552,1913.92016601562
"nn_test_result",1215,166,0.530120481927711,44.059974562628,53.1065694080842,0.829652057244747,0.936017705609458,-265.034652319305,1913.92016601562
