"","Train_size","N_trade","Win_ratio","Mean_gain","Mean_loss","Payoff_ratio","Profit_factor","Cum_Profit","Buy_hold"
"xgb_test_result",1167,171,0.56140350877193,43.5677545083362,51.6050928357746,0.84425300128776,1.08064384164833,312.122470117182,1913.92016601562
"svm_test_result",1167,78,0.525641025641026,24.5196164565672,25.2786847672745,0.969972001403729,1.07483383939332,69.9929383300985,1913.92016601562
"lr_test_result",1167,140,0.478571428571429,48.5793143503665,56.2706424232793,0.863315438713902,0.792358005394952,-852.942835424833,1913.92016601562
"nn_test_result",1167,148,0.574324324324324,36.9033848760633,55.0972421361539,0.669786425695669,0.903680098160823,-334.338540112314,1913.92016601562
