"","Train_size","N_trade","Win_ratio","Mean_gain","Mean_loss","Payoff_ratio","Profit_factor","Cum_Profit","Buy_hold"
"xgb_test_result",1191,171,0.461988304093567,44.3612431132266,40.7971501020356,1.08736132308941,0.933712440478949,-248.79960344237,1913.92016601562
"svm_test_result",1191,71,0.52112676056338,28.5196502045507,34.1310617198271,0.835592236733244,0.909320963503824,-105.229040905744,1913.92016601562
"lr_test_result",1191,139,0.438848920863309,47.0876453533239,44.89805334504,1.04876808336114,0.820190424167046,-629.701794360365,1913.92016601562
"nn_test_result",1191,134,0.514925373134328,30.3678388307433,41.2245892901138,0.736643817529211,0.781975744761778,-584.217424536112,1913.92016601562
