"","Train_size","N_trade","Win_ratio","Mean_gain","Mean_loss","Payoff_ratio","Profit_factor","Cum_Profit","Buy_hold"
"xgb_test_result",1191,293,0.491467576791809,2.22822220381101,2.53582590162034,0.878696838922272,0.849210367817498,-56.9740619926448,71.3100051879885
"lr_test_result",1191,224,0.455357142857143,2.42061786926872,2.71576696185125,0.891320169687411,0.745202109082918,-84.4205466804428,71.3100051879885
"nn_test_result",1191,206,0.504854368932039,2.17644133826032,3.09499587517528,0.703213001257088,0.717001491477815,-89.3396800888057,71.3100051879885
