"","Train_size","N_trade","Win_ratio","Mean_gain","Mean_loss","Payoff_ratio","Profit_factor","Cum_Profit","Buy_hold"
"xgb_test_result",1230,189,0.597883597883598,4.32379415576226,5.53139091935405,0.781682983322247,1.16223917257123,68.2030297302273,264.709991455078
"svm_test_result",1230,35,0.514285714285714,2.42478267983323,3.6634037538416,0.661893376423634,0.700828280919142,-18.631775578309,264.709991455078
"lr_test_result",1230,98,0.642857142857143,4.14974981992214,4.76526619947159,0.870832739707656,1.56749893147378,94.6499216735889,264.709991455078
"nn_test_result",1230,120,0.5,5.86053777531948,5.83171169459029,1.00494298796628,1.00494298796628,1.72956484375146,264.709991455078
