"","Train_size","N_trade","Win_ratio","Mean_gain","Mean_loss","Payoff_ratio","Profit_factor","Cum_Profit","Buy_hold"
"xgb_test_result",1146,159,0.566037735849057,4.36124669794721,5.35507222405034,0.814414169497149,1.06227935151802,23.0122193557751,264.709991455078
"svm_test_result",1146,27,0.592592592592593,3.08078267087939,2.4854207534789,1.23954170197024,1.80296974832035,21.9528944458024,264.709991455078
"lr_test_result",1146,131,0.687022900763359,3.68309407485963,4.75371496522485,0.774782270666796,1.70074156975638,136.576153163148,264.709991455078
"nn_test_result",1146,117,0.504273504273504,5.38913753362103,4.9053682846859,1.09862037279554,1.11756210336098,33.4477539718584,264.709991455078
