"","Train_size","N_trade","Win_ratio","Mean_gain","Mean_loss","Payoff_ratio","Profit_factor","Cum_Profit","Buy_hold"
"xgb_test_result",1215,124,0.57258064516129,7.06710915346819,8.70270709778408,0.812058716220341,1.08785224248385,40.521273713685,264.709991455078
"svm_test_result",1215,38,0.526315789473684,3.98637699089037,4.22836772070995,0.942769705521508,1.0475218950239,3.61692084502832,264.709991455078
"lr_test_result",1215,80,0.5625,8.01689156249995,9.87193051365442,0.812089545343876,1.04411512972784,15.2425523345932,264.709991455078
"nn_test_result",1215,132,0.439393939393939,7.18206614132587,5.85717909123193,1.22619882872922,0.961074757652632,-16.8714165542623,264.709991455078
