"","Train_size","N_trade","Win_ratio","Mean_gain","Mean_loss","Payoff_ratio","Profit_factor","Cum_Profit","Buy_hold"
"xgb_test_result",1147,171,0.421052631578947,0.904663510211312,0.987570447948733,0.916049596350696,0.666217888255051,-32.63370161171,41.7300033569335
"svm_test_result",1147,142,0.492957746478873,0.740875252233243,1.26118377985955,0.587444323392545,0.57112642552053,-38.9439644935603,41.7300033569335
"lr_test_result",1147,177,0.468926553672316,0.74035548842557,1.09349954247982,0.677051484398984,0.597822055373571,-41.3394514537806,41.7300033569335
"nn_test_result",1147,143,0.503496503496504,1.07964434845183,1.22598846430712,0.880631735031864,0.893034998905552,-9.31078787727381,41.7300033569335
