"","Train_size","N_trade","Win_ratio","Mean_gain","Mean_loss","Payoff_ratio","Profit_factor","Cum_Profit","Buy_hold"
"xgb_test_result",1215,143,0.426573426573427,1.0562786035569,1.19161645739951,0.886424987669309,0.659413710339364,-33.2795546897885,41.7300033569335
"svm_test_result",1215,136,0.375,1.53114805996465,1.12146032242719,1.36531630174019,0.819189781044111,-17.2355763481142,41.7300033569335
"lr_test_result",1215,100,0.44,1.30047850550738,1.22607261500359,1.06068636522281,0.833396429817919,-11.4390121978764,41.7300033569335
"nn_test_result",1215,153,0.444444444444444,1.20384792148927,1.19793435314404,1.00493647112608,0.803949176900864,-19.9627613559727,41.7300033569335
