"","Train_size","N_trade","Win_ratio","Mean_gain","Mean_loss","Payoff_ratio","Profit_factor","Cum_Profit","Buy_hold"
"xgb_test_result",1197,162,0.438271604938272,2.92221659335276,3.88024668273926,0.753100725877,0.58758408282711,-145.625070001227,41.299987792969
"svm_test_result",1197,79,0.582278481012658,2.92482193998246,5.51524272918691,0.530316086453307,0.739228484147035,-47.4612008239749,41.299987792969
"lr_test_result",1197,161,0.478260869565217,2.46063243356678,3.09131139155796,0.795983361717137,0.729651414907375,-70.2014595062262,41.299987792969
"nn_test_result",1197,133,0.496240601503759,2.33118688731332,4.52683427497519,0.514970671712099,0.50728454228356,-149.439561860658,41.299987792969
