"","Train_size","N_trade","Win_ratio","Mean_gain","Mean_loss","Payoff_ratio","Profit_factor","Cum_Profit","Buy_hold"
"xgb_test_result",1215,282,0.432624113475177,3.03616514691217,3.69548021131518,0.821588798558777,0.626461458901068,-220.864685887143,29.349990844727
"lr_test_result",1215,168,0.416666666666667,4.06176641878406,3.82590718788618,1.06164792278409,0.758319944845775,-90.6152550979611,29.349990844727
"nn_test_result",1215,234,0.427350427350427,3.46135720648192,3.35177519872869,1.03269372235787,0.770666956983484,-103.002155981453,29.349990844727
