"","Train_size","N_trade","Win_ratio","Mean_gain","Mean_loss","Payoff_ratio","Profit_factor","Cum_Profit","Buy_hold"
"xgb_test_result",1123,162,0.537037037037037,2.84159652625767,4.09654735760491,0.693656457060719,0.804641490190434,-60.0221540359508,41.299987792969
"svm_test_result",1123,86,0.569767441860465,2.34980438235529,5.17951138342768,0.453672983492942,0.60081016732849,-76.501506451415,41.299987792969
"lr_test_result",1123,141,0.468085106382979,2.02798111019709,3.35708488920087,0.604089910481782,0.531599121223968,-117.934613417057,41.299987792969
"nn_test_result",1123,136,0.441176470588235,2.36594906603499,4.08395573421277,0.579327793936301,0.457364047844448,-168.423691838071,41.299987792969
