"","Train_size","N_trade","Win_ratio","Mean_gain","Mean_loss","Payoff_ratio","Profit_factor","Cum_Profit","Buy_hold"
"xgb_test_result",1187,177,0.514124293785311,0.598660534026595,0.811816865725847,0.737432984336106,0.780306995053321,-15.3381418560027,21.2700004577636
"svm_test_result",1187,144,0.611111111111111,0.594557636703138,1.05593216904913,0.56306423284607,0.884815223043825,-6.8111294368754,21.2700004577636
"lr_test_result",1187,156,0.487179487179487,0.707191561523232,0.832385928778649,0.849595766906929,0.807115978561582,-12.8443156265262,21.2700004577636
"nn_test_result",1187,139,0.482014388489209,0.530197742211648,0.744992027680076,0.711682437545938,0.662260046049692,-18.1161772647851,21.2700004577636
