"","Train_size","N_trade","Win_ratio","Mean_gain","Mean_loss","Payoff_ratio","Profit_factor","Cum_Profit","Buy_hold"
"xgb_test_result",1249,175,0.497142857142857,0.590388606849756,0.76231919403076,0.774463782983186,0.765663058176559,-15.7202802787781,21.2700004577636
"svm_test_result",1249,155,0.587096774193548,0.565434411713311,0.924156102514274,0.611838638705064,0.869958064408763,-7.69145909500222,21.2700004577636
"lr_test_result",1249,155,0.52258064516129,0.726727361311733,1.04288747956044,0.696841582198337,0.762759029163044,-18.3087572212222,21.2700004577636
"nn_test_result",1249,141,0.475177304964539,0.704346445903496,0.968050439942848,0.727592712984128,0.658766375269413,-24.4445206802366,21.2700004577636
