"","Train_size","N_trade","Win_ratio","Mean_gain","Mean_loss","Payoff_ratio","Profit_factor","Cum_Profit","Buy_hold"
"xgb_test_result",1215,176,0.420454545454545,0.755109167640264,0.784894362861035,0.962051969500456,0.697959271990527,-24.181146606446,21.2700004577636
"svm_test_result",1215,75,0.493333333333333,1.14769203386048,1.04401653889104,1.09930445649795,1.07037539185326,2.79197677497833,21.2700004577636
"lr_test_result",1215,132,0.325757575757576,0.956296288414883,0.849569234916601,1.12562490390646,0.543841245707615,-34.4909215057375,21.2700004577636
"nn_test_result",1215,143,0.468531468531469,0.664252825136323,0.700211922354441,0.948645408525456,0.836305820673757,-8.71116681480385,21.2700004577636
