"","Train_size","N_trade","Win_ratio","Mean_gain","Mean_loss","Payoff_ratio","Profit_factor","Cum_Profit","Buy_hold"
"xgb_test_result",1279,151,0.536423841059603,4.09544748405177,5.33496847617011,0.767661046610687,0.888293496792367,-41.7165471237143,272.34001159668
"svm_test_result",1279,36,0.583333333333333,2.20916650637676,2.4699709783936,0.894409904287028,1.25217386600184,9.34293195800788,272.34001159668
"lr_test_result",1279,115,0.626086956521739,4.63553184693657,5.57705875861597,0.831178592080487,1.39174089836733,93.9447663589462,272.34001159668
"nn_test_result",1279,135,0.540740740740741,4.43082917156482,6.99555034947551,0.633378211893939,0.745751765617058,-110.27359214325,272.34001159668
