"","Train_size","N_trade","Win_ratio","Mean_gain","Mean_loss","Payoff_ratio","Profit_factor","Cum_Profit","Buy_hold"
"xgb_test_result",1215,163,0.47239263803681,4.54623340755317,5.07455266876222,0.89588850570785,0.802132731854703,-86.351557131957,272.34001159668
"svm_test_result",1215,19,0.473684210526316,6.22884521043551,2.73110700515755,2.28070346517829,2.05263311866046,28.7485368423442,272.34001159668
"lr_test_result",1215,116,0.508620689655172,5.45137537919386,4.71110358573522,1.15713341470566,1.19773458715147,53.0982429855298,272.34001159668
"nn_test_result",1215,152,0.618421052631579,4.66315410834777,5.83727546476163,0.798857983745708,1.29470087020856,99.7745092285155,272.34001159668
