"","Train_size","N_trade","Win_ratio","Mean_gain","Mean_loss","Payoff_ratio","Profit_factor","Cum_Profit","Buy_hold"
"xgb_test_result",1189,169,0.538461538461538,4.48400472796096,5.10228267258864,0.878823267093903,1.02529381160955,10.0663817825334,272.34001159668
"svm_test_result",1189,36,0.583333333333333,2.25456252870099,2.50328909149167,0.900640096409135,1.26089613497279,9.7964767303458,272.34001159668
"lr_test_result",1189,124,0.580645161290323,5.09800057315834,6.44007700943584,0.791605529823459,1.09606919514017,32.1720367767365,272.34001159668
"nn_test_result",1189,122,0.581967213114754,5.29611633663999,8.70409180626964,0.608462830415593,0.847075705088374,-67.8844222183122,272.34001159668
