"","Train_size","N_trade","Win_ratio","Mean_gain","Mean_loss","Payoff_ratio","Profit_factor","Cum_Profit","Buy_hold"
"xgb_test_result",1183,174,0.528735632183908,0.962286156036543,1.12666620883012,0.854100485569493,0.95825908137065,-3.8563027687077,26.2200012207031
"svm_test_result",1183,156,0.544871794871795,0.792022018203733,1.30119385395856,0.608688717514458,0.728711844911675,-25.0628920837407,26.2200012207031
"lr_test_result",1183,182,0.538461538461538,0.843360195965668,1.28337940743764,0.65714019648289,0.766663562563371,-25.1545710201266,26.2200012207031
"nn_test_result",1183,150,0.493333333333333,1.12743633153245,1.36776307966333,0.82429212214879,0.802600224197507,-20.5197055210116,26.2200012207031
