"","Train_size","N_trade","Win_ratio","Mean_gain","Mean_loss","Payoff_ratio","Profit_factor","Cum_Profit","Buy_hold"
"xgb_test_result",1215,269,0.412639405204461,1.2219508005503,1.40354333542691,0.870618505112724,0.611637051060205,-86.1233081363681,7.9899978637695
"lr_test_result",1215,200,0.355,1.25789328389235,1.30824598398136,0.961511290150674,0.529203888377503,-79.453308777238,7.9899978637695
"nn_test_result",1215,220,0.4,1.01882627046758,1.30925529986872,0.778172347722964,0.518781565148643,-83.1649877815246,7.9899978637695
