"","Train_size","N_trade","Win_ratio","Mean_gain","Mean_loss","Payoff_ratio","Profit_factor","Cum_Profit","Buy_hold"
"xgb_test_result",1215,160,0.43125,1.26086683610557,1.2040558530032,1.04718301311411,0.794017889064543,-22.569270932007,26.2200012207031
"svm_test_result",1215,94,0.446808510638298,1.17498231142135,0.980301430680204,1.19859287628099,0.96809424622695,-1.62641731567386,26.2200012207031
"lr_test_result",1215,122,0.311475409836066,1.36648237265537,1.21202991978328,1.12743287137639,0.510029156098844,-49.8841831008919,26.2200012207031
"nn_test_result",1215,130,0.384615384615385,1.0734900885086,1.22961220394611,0.873031420039193,0.545644637524496,-44.6944718902593,26.2200012207031
