"","Train_size","N_trade","Win_ratio","Mean_gain","Mean_loss","Payoff_ratio","Profit_factor","Cum_Profit","Buy_hold"
"xgb_test_result",1215,267,0.419475655430712,0.692457874161432,0.795785433498969,0.870156508289906,0.628758251151416,-45.7914602862598,-20.6600003242492
"lr_test_result",1215,160,0.3875,0.948270201390018,1.08885407236547,0.870888235124067,0.550970107935634,-47.9149466056351,-20.6600003242492
"nn_test_result",1215,226,0.433628318584071,0.811447804504028,1.00824982534312,0.80480827678585,0.616181336914166,-49.5340928025242,-20.6600003242492
