"","Train_size","N_trade","Win_ratio","Mean_gain","Mean_loss","Payoff_ratio","Profit_factor","Cum_Profit","Buy_hold"
"xgb_test_result",1192,177,0.542372881355932,0.754549422881999,1.10807769597607,0.680953533874123,0.807056040147109,-17.3175487773895,8.4699993133545
"svm_test_result",1192,167,0.544910179640719,0.642156367532498,0.998534883152807,0.643098582099538,0.770025933829709,-17.4524216741561,8.4699993133545
"lr_test_result",1192,168,0.541666666666667,0.646151825431152,0.959820340064905,0.673200804837558,0.795600951171659,-15.1063500707628,8.4699993133545
"nn_test_result",1192,147,0.476190476190476,0.902701133074082,1.15599739629572,0.780885091927281,0.70989553811571,-25.8227201995848,8.4699993133545
