"","Train_size","N_trade","Win_ratio","Mean_gain","Mean_loss","Payoff_ratio","Profit_factor","Cum_Profit","Buy_hold"
"xgb_test_result",1262,177,0.497175141242938,0.692474919915202,0.995665741136098,0.69548935079865,0.687674863711025,-27.676458008575,8.4699993133545
"svm_test_result",1262,168,0.535714285714286,0.634658807710011,0.937016504207021,0.677318707686062,0.78152158579161,-15.9679946342467,8.4699993133545
"lr_test_result",1262,164,0.536585365853659,0.598101239718086,0.876524095156318,0.682355731032609,0.790096109616705,-13.9829221366886,8.4699993133545
"nn_test_result",1262,162,0.574074074074074,0.742321711138239,1.27697527778737,0.581312515638102,0.783508173251355,-19.0753750314722,8.4699993133545
