"","Train_size","N_trade","Win_ratio","Mean_gain","Mean_loss","Payoff_ratio","Profit_factor","Cum_Profit","Buy_hold"
"xgb_test_result",1138,169,0.473372781065089,1.82326895353317,1.80834384644752,1.00825346745586,0.906295251645713,-15.0810860511756,51.0200042724612
"svm_test_result",1138,156,0.551282051282051,1.23285695787469,2.33686052465166,0.527569765019872,0.648157139881556,-57.554538348393,51.0200042724612
"lr_test_result",1138,162,0.567901234567901,1.58852687309926,2.33666233944485,0.679827310212337,0.893487321993357,-17.4218914360076,51.0200042724612
"nn_test_result",1138,144,0.506944444444444,2.04591282374759,2.31934049470931,0.882109732665196,0.906957894148722,-15.3215389907868,51.0200042724612
