"","Train_size","N_trade","Win_ratio","Mean_gain","Mean_loss","Payoff_ratio","Profit_factor","Cum_Profit","Buy_hold"
"xgb_test_result",1198,180,0.488888888888889,1.7430632242289,2.44535041828155,0.712807134387645,0.681815519849052,-71.5826747497592,51.0200042724612
"svm_test_result",1198,155,0.541935483870968,1.53698779435832,2.49839328111461,0.615190493016625,0.727831005822486,-48.2789482330384,51.0200042724612
"lr_test_result",1198,164,0.560975609756098,1.62497299904197,2.57206637010574,0.631777242581485,0.807270921076342,-35.6912627357517,51.0200042724612
"nn_test_result",1198,161,0.46583850931677,1.68173529972324,2.23208735929981,0.753436146984313,0.657066407253761,-65.8293654205408,51.0200042724612
