"","Train_size","N_trade","Win_ratio","Mean_gain","Mean_loss","Payoff_ratio","Profit_factor","Cum_Profit","Buy_hold"
"xgb_test_result",1152,177,0.491525423728814,1.51453274326541,1.89520248556349,0.799140331865438,0.772502320803256,-38.8038750366234,51.0200042724612
"svm_test_result",1152,151,0.56953642384106,1.324577500259,2.4695942477065,0.536354302529305,0.709638000269542,-46.609961078648,51.0200042724612
"lr_test_result",1152,168,0.547619047619048,1.64701465130679,2.15793487572921,0.763236495146886,0.923917862546231,-12.4777026351949,51.0200042724612
"nn_test_result",1152,142,0.471830985915493,1.49228203597563,1.73994591873165,0.857660011101635,0.766176276584127,-30.5130474945064,51.0200042724612
