"","Train_size","N_trade","Win_ratio","Mean_gain","Mean_loss","Payoff_ratio","Profit_factor","Cum_Profit","Buy_hold"
"xgb_test_result",1238,178,0.471910112359551,1.87462276613144,2.12750847550251,0.881135275237227,0.787397479999224,-42.5174843421952,51.0200042724612
"svm_test_result",1238,151,0.556291390728477,1.71745819817493,2.37281487595288,0.723806233507883,0.907458561412868,-14.712108042149,51.0200042724612
"lr_test_result",1238,176,0.528409090909091,1.48725064244418,2.19605766841476,0.677236606230727,0.758831378065754,-43.9584767311168,51.0200042724612
"nn_test_result",1238,149,0.516778523489933,2.02193858418644,2.32064007212324,0.871284870271367,0.931790764040212,-11.396814210518,51.0200042724612
