"","Train_size","N_trade","Win_ratio","Mean_gain","Mean_loss","Payoff_ratio","Profit_factor","Cum_Profit","Buy_hold"
"xgb_test_result",1193,174,0.517241379310345,7.73062956225926,8.38754288301924,0.921679885286796,0.987514162807282,-8.79694157028288,427.140022277832
"svm_test_result",1193,30,0.633333333333333,3.65088392173373,6.00411600501332,0.608063521538443,1.05029153720277,3.32151845779428,427.140022277832
"lr_test_result",1193,119,0.571428571428571,7.11612931664413,10.2109244080488,0.696913328536133,0.929217771381511,-36.8603512786878,427.140022277832
"nn_test_result",1193,132,0.598484848484849,10.2525949522864,12.6630538475612,0.809646320366942,1.20683130771676,138.81314730988,427.140022277832
