"","Train_size","N_trade","Win_ratio","Mean_gain","Mean_loss","Payoff_ratio","Profit_factor","Cum_Profit","Buy_hold"
"xgb_test_result",1251,248,0.560483870967742,1.85943606525531,2.646130103379,0.702700166889335,0.896103882546951,-29.9665681978218,80.7474994659424
"lr_test_result",1251,232,0.551724137931034,2.04115807622526,2.66057628675793,0.767186449937329,0.944229476845943,-15.431700065992,80.7474994659424
"nn_test_result",1251,235,0.536170212765957,2.44847086678456,2.94705557369963,0.830819373966145,0.960396707520498,-12.7217283184045,80.7474994659424
