"","Train_size","N_trade","Win_ratio","Mean_gain","Mean_loss","Payoff_ratio","Profit_factor","Cum_Profit","Buy_hold"
"xgb_test_result",1269,185,0.594594594594595,7.56156168709497,8.78359878946949,0.860872845895512,1.26261350731342,173.001876370235,427.140022277832
"svm_test_result",1269,41,0.585365853658537,3.23909046834322,4.78933147008561,0.676313696091978,0.954795806247498,-3.68046375121797,427.140022277832
"lr_test_result",1269,143,0.636363636363636,7.53028853981942,10.9061114920984,0.690465024612595,1.20831379307204,118.138459534451,427.140022277832
"nn_test_result",1269,107,0.457943925233645,7.20401965293109,9.61434849136612,0.749298786017632,0.633028284739034,-204.635249505612,427.140022277832
