"","Train_size","N_trade","Win_ratio","Mean_gain","Mean_loss","Payoff_ratio","Profit_factor","Cum_Profit","Buy_hold"
"xgb_test_result",1303,122,0.475409836065574,6.37566520993466,7.4019072531223,0.861354376906743,0.780602404071736,-103.933482023617,427.140022277832
"svm_test_result",1303,32,0.65625,4.13598309311646,6.85692065929065,0.603183746557208,1.15153260706376,11.4295177032484,427.140022277832
"lr_test_result",1303,106,0.632075471698113,9.6893338403617,14.2436720946289,0.680255328540977,1.16864376954476,93.6821556137085,427.140022277832
"nn_test_result",1303,113,0.47787610619469,10.3738539040177,8.86618462020097,1.17004713395902,1.07089059718283,37.0832182250983,427.140022277832
