"","Train_size","N_trade","Win_ratio","Mean_gain","Mean_loss","Payoff_ratio","Profit_factor","Cum_Profit","Buy_hold"
"xgb_test_result",1215,144,0.388888888888889,0.98283228013175,0.874538298455152,1.12382989043235,0.715164475729679,-21.9207625766754,39.0899982452392
"svm_test_result",1215,48,0.375,1.13769069212807,0.887504201978049,1.28189893590634,0.769139361543804,-6.14669360103627,39.0899982452392
"lr_test_result",1215,110,0.436363636363636,1.97387610849142,1.41600585815368,1.39397453557511,1.07920609205815,6.95369000205954,39.0899982452392
"nn_test_result",1215,151,0.450331125827815,1.17315317225175,1.01647558167698,1.15413807611225,0.945558905730521,-4.59305756607013,39.0899982452392
