"","Train_size","N_trade","Win_ratio","Mean_gain","Mean_loss","Payoff_ratio","Profit_factor","Cum_Profit","Buy_hold"
"xgb_test_result",1215,229,0.384279475982533,1.02841102257209,0.861598340344259,1.19360840709277,0.744947090951518,-30.9851960021967,12.8799991607666
"lr_test_result",1215,188,0.436170212765957,1.64886013102415,1.33386572884074,1.23615150713645,0.956268147030087,-6.18323651313862,12.8799991607666
"nn_test_result",1215,248,0.44758064516129,1.12841900769139,1.11430003787966,1.01267070746816,0.82048502575887,-27.4045953357695,12.8799991607666
