"","Train_size","N_trade","Win_ratio","Mean_gain","Mean_loss","Payoff_ratio","Profit_factor","Cum_Profit","Buy_hold"
"xgb_test_result",1241,146,0.410958904109589,0.755914107958476,1.10153403710875,0.686237630879349,0.478770440148383,-49.3770807138442,39.0899982452392
"svm_test_result",1241,111,0.594594594594595,0.772060148314272,1.17612771072387,0.656442443515843,0.962782250489903,-1.96977719383223,39.0899982452392
"lr_test_result",1241,131,0.564885496183206,0.818623595711984,1.22604852799531,0.667692654099508,0.866829059708133,-9.30662001304595,39.0899982452392
"nn_test_result",1241,150,0.506666666666667,0.930257757211982,1.30485007211066,0.712923099055542,0.732191290921908,-25.8593157880785,39.0899982452392
