"","Train_size","N_trade","Win_ratio","Mean_gain","Mean_loss","Payoff_ratio","Profit_factor","Cum_Profit","Buy_hold"
"xgb_test_result",1175,248,0.540322580645161,1.80624347376615,2.13004513635133,0.847983661444924,0.996752724856315,-0.788520059387015,75.8999996185305
"lr_test_result",1175,221,0.502262443438914,2.04885923993055,2.14074689251645,0.957076825426157,0.965777523839122,-8.05878254451805,75.8999996185305
"nn_test_result",1175,226,0.530973451327434,2.15964260767461,3.48760572439228,0.619233588409976,0.701019156690538,-110.529093864629,75.8999996185305
