"","Train_size","N_trade","Win_ratio","Mean_gain","Mean_loss","Payoff_ratio","Profit_factor","Cum_Profit","Buy_hold"
"xgb_test_result",1174,146,0.520547945205479,1.45825763022529,1.81272306083135,0.804456930975712,0.873410382202202,-16.0630343610726,110.829999923706
"svm_test_result",1174,48,0.666666666666667,0.523784332507841,0.741697648048412,0.70619656660102,1.41239313320204,4.8939362714763,110.829999923706
"lr_test_result",1174,131,0.534351145038168,1.34495306377145,1.76771619283341,0.760842192442486,0.87309759788482,-13.6839732988361,110.829999923706
"nn_test_result",1174,114,0.596491228070175,1.93009559609475,1.36361174883635,1.41542898683721,2.09237328488978,68.5203600879709,110.829999923706
