"","Train_size","N_trade","Win_ratio","Mean_gain","Mean_loss","Payoff_ratio","Profit_factor","Cum_Profit","Buy_hold"
"xgb_test_result",1215,186,0.548387096774194,1.64810602442987,1.98580030326842,0.829945499412635,1.00779096357249,1.29958901729962,110.829999923706
"svm_test_result",1215,66,0.560606060606061,0.846561111939923,0.991221528507118,0.854058439605253,1.08966076777222,2.57733681507073,110.829999923706
"lr_test_result",1215,149,0.570469798657718,1.78807516383007,2.12437900596854,0.841693105988331,1.11787365639075,16.0261325435689,110.829999923706
"nn_test_result",1215,133,0.56390977443609,2.03642105485535,1.93462069335807,1.052620320793,1.36114696654267,40.5235788993829,110.829999923706
