"","Train_size","N_trade","Win_ratio","Mean_gain","Mean_loss","Payoff_ratio","Profit_factor","Cum_Profit","Buy_hold"
"xgb_test_result",1266,156,0.519230769230769,1.44907805905047,2.14584237831624,0.675295666491359,0.729319319810668,-43.5628555906301,110.829999923706
"svm_test_result",1266,38,0.631578947368421,0.539485372686397,0.982587875202734,0.549045420059847,0.941220720102594,-0.808581308364737,110.829999923706
"lr_test_result",1266,137,0.489051094890511,1.31283225811637,1.68678029870171,0.778306611196988,0.74495061357426,-30.1148596153229,110.829999923706
"nn_test_result",1266,119,0.487394957983193,1.92193496445295,2.17313203299784,0.88440782026559,0.840912353695151,-21.0888260745972,110.829999923706
