"","Train_size","N_trade","Win_ratio","Mean_gain","Mean_loss","Payoff_ratio","Profit_factor","Cum_Profit","Buy_hold"
"xgb_test_result",1215,150,0.5,1.61793526844273,1.94499609807336,0.831844994468315,0.831844994468315,-24.5295622222974,32.0200042724613
"svm_test_result",1215,38,0.631578947368421,2.32790781154628,2.15494851461131,1.08026145207751,1.85187677499001,25.7005082725525,32.0200042724613
"lr_test_result",1215,94,0.553191489361702,2.57558963485126,3.23621301651005,0.795865297405171,0.985357034882593,-1.99028568115669,32.0200042724613
"nn_test_result",1215,115,0.460869565217391,2.40510264810527,2.29840640568894,1.04642183477745,0.894521891019436,-15.0307568031348,32.0200042724613
