"","Train_size","N_trade","Win_ratio","Mean_gain","Mean_loss","Payoff_ratio","Profit_factor","Cum_Profit","Buy_hold"
"xgb_test_result",1222,170,0.564705882352941,1.56645873046716,2.28437947393878,0.685726145037642,0.889590674643428,-18.6640429466226,32.0200042724613
"svm_test_result",1222,63,0.666666666666667,1.45102988348463,2.36527101720164,0.613472990169789,1.22694598033958,11.2725637451199,32.0200042724613
"lr_test_result",1222,116,0.543103448275862,1.51808310023717,2.15696442345669,0.703805349651679,0.836598811850109,-18.679879128263,32.0200042724613
"nn_test_result",1222,138,0.463768115942029,1.86885426113608,1.82306848939432,1.02511467452162,0.886585664451128,-15.300395502471,32.0200042724613
