"","Train_size","N_trade","Win_ratio","Mean_gain","Mean_loss","Payoff_ratio","Profit_factor","Cum_Profit","Buy_hold"
"xgb_test_result",1215,277,0.444043321299639,0.896173814466525,1.18505986535951,0.756226618302233,0.603999182150484,-72.2698400859827,13.2299995422363
"lr_test_result",1215,227,0.33920704845815,0.952481059230463,1.15578613846334,0.824098012195251,0.423036979593562,-100.026879208755,13.2299995422363
"nn_test_result",1215,241,0.406639004149378,1.21450478459961,1.22301091265645,0.993044928733825,0.680548272838566,-55.86909161911,13.2299995422363
