"","Train_size","N_trade","Win_ratio","Mean_gain","Mean_loss","Payoff_ratio","Profit_factor","Cum_Profit","Buy_hold"
"xgb_test_result",1215,172,0.459302325581395,0.781713224918029,1.29750670713609,0.60247335957396,0.511778445229493,-58.9127789951324,11.4900016784668
"svm_test_result",1215,81,0.320987654320988,1.02129725937477,1.47078338778409,0.694389988258892,0.328257085358749,-54.3393575843809,11.4900016784668
"lr_test_result",1215,146,0.376712328767123,0.895651985910594,1.22703687714797,0.729930780884415,0.441166955479592,-62.3994965953829,11.4900016784668
"nn_test_result",1215,146,0.376712328767123,1.29322692087347,1.23900231079269,1.04376473684386,0.630846818971563,-41.6217296340943,11.4900016784668
