"","Train_size","N_trade","Win_ratio","Mean_gain","Mean_loss","Payoff_ratio","Profit_factor","Cum_Profit","Buy_hold"
"xgb_test_result",1205,172,0.47093023255814,1.16678088087389,1.23227774537893,0.946848943145601,0.842799608733996,-17.6280234786981,11.4900016784668
"svm_test_result",1205,171,0.526315789473684,0.947737811372547,0.970591903078998,0.976453449040785,1.08494827671198,6.67845887413038,11.4900016784668
"lr_test_result",1205,177,0.491525423728814,1.02571078005385,1.05875417001512,0.968790309500459,0.936497299183777,-6.05103743667588,11.4900016784668
"nn_test_result",1205,157,0.509554140127389,0.918812653965956,1.29284498463916,0.71069050418477,0.738379744607553,-26.0440514999388,11.4900016784668
