"","Train_size","N_trade","Win_ratio","Mean_gain","Mean_loss","Payoff_ratio","Profit_factor","Cum_Profit","Buy_hold"
"xgb_test_result",1148,167,0.598802395209581,1.36645561109545,2.35602813596578,0.57998272186818,0.865645853534597,-21.2083240001625,74.3500022888185
"svm_test_result",1148,32,0.625,0.753520985317244,1.20287175401054,0.626435015042047,1.04405835840341,0.635958658218435,74.3500022888185
"lr_test_result",1148,140,0.607142857142857,1.70872957500235,2.38978591719187,0.715013659888916,1.10502111073742,13.8037884296469,74.3500022888185
"nn_test_result",1148,82,0.573170731707317,1.63819048634797,2.56936002267025,0.637586975703563,0.856188224516214,-12.9326479351045,74.3500022888185
