"","Train_size","N_trade","Win_ratio","Mean_gain","Mean_loss","Payoff_ratio","Profit_factor","Cum_Profit","Buy_hold"
"xgb_test_result",1218,172,0.581395348837209,1.3142809578972,2.0576154234462,0.638739845610204,0.887138674458616,-16.7202146984065,74.3500022888185
"svm_test_result",1218,59,0.576271186440678,1.37654040573344,1.94448647381594,0.707919764045495,0.962770879101873,-1.80978805046167,74.3500022888185
"lr_test_result",1218,140,0.592857142857143,1.64197790375216,2.2708041195384,0.72308214064978,1.0529090819988,6.84833119774085,74.3500022888185
"nn_test_result",1218,110,0.581818181818182,2.17565906613465,2.15247407898281,1.01077132002574,1.40629053220973,40.2283725994084,74.3500022888185
