"","Train_size","N_trade","Win_ratio","Mean_gain","Mean_loss","Payoff_ratio","Profit_factor","Cum_Profit","Buy_hold"
"xgb_test_result",1215,129,0.48062015503876,1.08199266880403,1.56235217692815,0.692540827082539,0.640858675807722,-37.5940503883365,74.3500022888185
"svm_test_result",1215,7,0.571428571428571,1.26229395370484,0.373530036163371,3.37936399083244,4.50581865444326,3.92858570632923,74.3500022888185
"lr_test_result",1215,109,0.504587155963303,2.34142282601097,1.7992752391674,1.30131442652123,1.32541284182717,31.6173925155636,74.3500022888185
"nn_test_result",1215,126,0.420634920634921,1.741712833714,2.07216489080146,0.840528107316953,0.610246434079432,-58.9572568416651,74.3500022888185
