"","Train_size","N_trade","Win_ratio","Mean_gain","Mean_loss","Payoff_ratio","Profit_factor","Cum_Profit","Buy_hold"
"xgb_test_result",1176,164,0.51219512195122,1.12701639211746,1.44362299457551,0.780686090726098,0.819720395262403,-20.8204626281743,37.8100051879883
"svm_test_result",1176,112,0.473214285714286,1.13086692770472,1.21194704633163,0.933099289385348,0.838207836227516,-11.5689285652163,37.8100051879883
"lr_test_result",1176,171,0.538011695906433,1.05809190857929,1.3851060618968,0.76390677774546,0.889612956361802,-12.0789233005526,37.8100051879883
"nn_test_result",1176,144,0.472222222222222,1.26776372049557,1.02996582686274,1.23087940146243,1.10131314867691,7.93053015213052,37.8100051879883
