"","Train_size","N_trade","Win_ratio","Mean_gain","Mean_loss","Payoff_ratio","Profit_factor","Cum_Profit","Buy_hold"
"xgb_test_result",1215,167,0.497005988023952,1.14849512244536,1.05244718394961,1.0912615283318,1.07827031966119,6.91953171119722,37.8100051879883
"svm_test_result",1215,43,0.558139534883721,1.68776697587966,1.32357770765204,1.27515518440823,1.61072233819987,15.3584309757231,37.8100051879883
"lr_test_result",1215,129,0.434108527131783,1.48830696477208,1.09480672571888,1.35942438953764,1.04284610704257,3.42429904975872,37.8100051879883
"nn_test_result",1215,127,0.496062992125984,1.05242628216214,1.07767620841861,0.976570025338571,0.961311118692656,-2.66842156257642,37.8100051879883
