"","Train_size","N_trade","Win_ratio","Mean_gain","Mean_loss","Payoff_ratio","Profit_factor","Cum_Profit","Buy_hold"
"xgb_test_result",1215,270,0.451851851851852,1.11207208289163,1.09655672634744,1.01414915997631,0.835987821061553,-26.6176013866423,33.7200012207031
"lr_test_result",1215,206,0.41747572815534,1.33652857371042,1.29306939700127,1.03360931502202,0.74075334243245,-40.2268703010559,33.7200012207031
"nn_test_result",1215,210,0.466666666666667,0.963221727417928,1.07713247015817,0.894246301271082,0.782465513612197,-26.2431073707581,33.7200012207031
