"","Train_size","N_trade","Win_ratio","Mean_gain","Mean_loss","Payoff_ratio","Profit_factor","Cum_Profit","Buy_hold"
"xgb_test_result",1203,169,0.597633136094675,6.34987525000235,6.57012388121663,0.966477248344746,1.43550297180617,194.568976327506,477.350021362305
"svm_test_result",1203,69,0.652173913043478,3.3865706734552,4.50844152622232,0.751162159641637,1.40842904932807,44.1930836761482,477.350021362305
"lr_test_result",1203,159,0.641509433962264,5.58592635652124,7.25864614683447,0.769554851348868,1.37709815504534,156.021657995601,477.350021362305
"nn_test_result",1203,136,0.5,6.09653557871652,9.39482078529803,0.648925159728114,0.648925159728114,-224.283394047542,477.350021362305
