"","Train_size","N_trade","Win_ratio","Mean_gain","Mean_loss","Payoff_ratio","Profit_factor","Cum_Profit","Buy_hold"
"xgb_test_result",1256,164,0.579268292682927,7.01092680860017,9.58836714415614,0.73119090072319,1.00671210969135,4.44071387024277,477.350021362305
"svm_test_result",1256,44,0.522727272727273,3.16127575046701,2.77657542557486,1.13855208878848,1.24698562105405,14.4012583236693,477.350021362305
"lr_test_result",1256,132,0.674242424242424,6.21824184664603,8.54973321604167,0.727302442019932,1.50534691487846,185.784996061705,477.350021362305
"nn_test_result",1256,144,0.534722222222222,6.99066813352501,8.79867513058796,0.794513722778837,0.913097860507021,-51.2297874679679,477.350021362305
