"","Train_size","N_trade","Win_ratio","Mean_gain","Mean_loss","Payoff_ratio","Profit_factor","Cum_Profit","Buy_hold"
"xgb_test_result",1186,187,0.561497326203209,5.42690324355348,5.93892128926723,0.913786019249141,1.17009185391658,82.8332948532023,477.350021362305
"svm_test_result",1186,69,0.63768115942029,3.37082566035888,5.50156337670899,0.612703231708528,1.07835768780701,10.7772446380659,477.350021362305
"lr_test_result",1186,146,0.643835616438356,6.45199629419201,9.2305513467055,0.698982764068022,1.26354576581527,126.498981625363,477.350021362305
"nn_test_result",1186,121,0.56198347107438,8.0019052667281,9.64298453913278,0.829816249757021,1.06466990534863,33.0513775634736,477.350021362305
