"","Train_size","N_trade","Win_ratio","Mean_gain","Mean_loss","Payoff_ratio","Profit_factor","Cum_Profit","Buy_hold"
"xgb_test_result",1186,294,0.540816326530612,6.63340473523405,9.59214317716247,0.691545634037995,0.814487080089195,-240.227976014719,298.479995727539
"lr_test_result",1186,235,0.587234042553191,8.17337353860606,13.261404345357,0.616327903572871,0.876837636010889,-158.430673171996,298.479995727539
"nn_test_result",1186,201,0.532338308457711,9.07877720053131,12.5975065511663,0.720680490512685,0.820349068987843,-212.736455352785,298.479995727539
