"","Train_size","N_trade","Win_ratio","Mean_gain","Mean_loss","Payoff_ratio","Profit_factor","Cum_Profit","Buy_hold"
"xgb_test_result",1306,151,0.47682119205298,6.41824096429617,9.84713298457666,0.651787781717675,0.594034433970539,-315.810156352232,87.899993896484
"svm_test_result",1306,89,0.48314606741573,6.51441506755751,11.4097298375669,0.570952613278237,0.533716573281831,-244.727724623105,87.899993896484
"lr_test_result",1306,112,0.580357142857143,7.32281130615238,13.8894818445409,0.527219905545326,0.729133911924387,-176.822911793518,87.899993896484
"nn_test_result",1306,136,0.426470588235294,7.1210393282923,8.97283047724014,0.793622407818251,0.590129482736648,-286.860496183777,87.899993896484
