"","Train_size","N_trade","Win_ratio","Mean_gain","Mean_loss","Payoff_ratio","Profit_factor","Cum_Profit","Buy_hold"
"xgb_test_result",1239,160,0.575,5.74544642025497,9.60107743934187,0.59841683983426,0.809622783305175,-124.29219521179,87.899993896484
"svm_test_result",1239,137,0.627737226277372,6.39947330705512,13.6257719495886,0.469659504850904,0.791974851317211,-144.559665022278,87.899993896484
"lr_test_result",1239,137,0.591240875912409,6.09262123492213,12.1960105088099,0.499558542567758,0.722575749071222,-189.474268464661,87.899993896484
"nn_test_result",1239,143,0.524475524475524,6.74623144138597,9.36992644841807,0.719987662499201,0.794104039521177,-131.187640388481,87.899993896484
