"","Train_size","N_trade","Win_ratio","Mean_gain","Mean_loss","Payoff_ratio","Profit_factor","Cum_Profit","Buy_hold"
"xgb_test_result",1234,177,0.531073446327684,6.36624545390355,10.7009012725831,0.594926099375816,0.673771727003936,-289.747732957461,87.899993896484
"svm_test_result",1234,152,0.611842105263158,5.59794952233432,12.662754988538,0.442079904997092,0.696837816351349,-226.493238746648,87.899993896484
"lr_test_result",1234,140,0.585714285714286,6.21332535463664,12.019799611506,0.516924204683819,0.730823875587469,-187.655698387146,87.899993896484
"nn_test_result",1234,149,0.516778523489933,6.79533792120205,9.20033674613105,0.738596652351844,0.789888086542944,-139.183225788878,87.899993896484
