"","Train_size","N_trade","Win_ratio","Mean_gain","Mean_loss","Payoff_ratio","Profit_factor","Cum_Profit","Buy_hold"
"xgb_test_result",1196,137,0.532846715328467,6.34442502604453,11.2385000688077,0.564525958731218,0.643912421677796,-256.120977502442,87.899993896484
"svm_test_result",1196,79,0.544303797468354,7.53476213634416,13.753124714364,0.547858198978935,0.654386182113728,-171.117717854307,87.899993896484
"lr_test_result",1196,125,0.576,6.32490450774304,11.1292409207614,0.568314097320334,0.772049339755925,-134.456644242856,87.899993896484
"nn_test_result",1196,139,0.489208633093525,6.40354549769239,9.12961889837557,0.701403373894585,0.671766611617349,-212.761847941583,87.899993896484
