"","Train_size","N_trade","Win_ratio","Mean_gain","Mean_loss","Payoff_ratio","Profit_factor","Cum_Profit","Buy_hold"
"xgb_test_result",1189,181,0.541436464088398,5.41663010954557,7.23144786474398,0.749038119455118,0.884406454296405,-69.3804220382852,452.830017089844
"svm_test_result",1189,58,0.637931034482759,2.92965413925583,5.08524744538805,0.576108472737707,1.01504826149025,1.60700679931685,452.830017089844
"lr_test_result",1189,121,0.611570247933884,4.97213488546827,4.95888235577535,1.00267248318111,1.57867582458302,134.87051080321,452.830017089844
"nn_test_result",1189,146,0.527397260273973,6.94980124131232,8.86869010513972,0.783633339187786,0.874489378513907,-76.8049216735922,452.830017089844
