"","Train_size","N_trade","Win_ratio","Mean_gain","Mean_loss","Payoff_ratio","Profit_factor","Cum_Profit","Buy_hold"
"xgb_test_result",1228,158,0.544303797468354,5.82486543501031,6.0935777064853,0.955902380437521,1.14177228774482,62.2008325439449,452.830017089844
"svm_test_result",1228,61,0.540983606557377,4.14576733925552,5.91659959607811,0.700701014481966,0.82582619563946,-28.8544664947548,452.830017089844
"lr_test_result",1228,151,0.589403973509934,5.92755468931733,7.03884122811603,0.842120811823434,1.2088508427788,91.1442112060484,452.830017089844
"nn_test_result",1228,98,0.530612244897959,5.95379639308626,8.07295604738982,0.73749892333568,0.833694435075116,-61.7585657394463,452.830017089844
