"","Train_size","N_trade","Win_ratio","Mean_gain","Mean_loss","Payoff_ratio","Profit_factor","Cum_Profit","Buy_hold"
"xgb_test_result",1228,264,0.541666666666667,7.32597592752095,9.60943753737769,0.762373021212242,0.900986297796286,-115.127384387204,376.489990234375
"lr_test_result",1228,215,0.567441860465116,8.07198810537369,11.1756987837269,0.722280392625421,0.947507611831197,-54.5574380310101,376.489990234375
"nn_test_result",1228,165,0.521212121212121,7.88659690716763,9.76533651412769,0.807611380904073,0.879171883009497,-93.2142505996711,376.489990234375
