"","Train_size","N_trade","Win_ratio","Mean_gain","Mean_loss","Payoff_ratio","Profit_factor","Cum_Profit","Buy_hold"
"xgb_test_result",1280,172,0.505813953488372,4.82323645601817,6.94611488782099,0.694379021066153,0.710717350973592,-170.798193791203,452.830017089844
"svm_test_result",1280,43,0.558139534883721,3.11601964759831,5.43509509622674,0.573314650881008,0.724186927428642,-28.4823352859486,452.830017089844
"lr_test_result",1280,119,0.672268907563025,3.91613782501212,6.71659375281709,0.583054144575829,1.19600850169401,51.3438696411035,452.830017089844
"nn_test_result",1280,140,0.492857142857143,6.04303176413267,6.75446735846288,0.894671843600098,0.869469819836715,-62.5979907257101,452.830017089844
