"","Train_size","N_trade","Win_ratio","Mean_gain","Mean_loss","Payoff_ratio","Profit_factor","Cum_Profit","Buy_hold"
"xgb_test_result",1265,179,0.508379888268156,3.67585670635517,4.2162700137052,0.871826684345787,0.901548048584848,-36.5288009277369,206.519989013672
"svm_test_result",1265,84,0.535714285714286,3.69374911505799,5.11477939476603,0.722171736055287,0.833275080063792,-33.2576862182655,206.519989013672
"lr_test_result",1265,142,0.535211267605634,3.76114922282572,4.50865142782963,0.834207142208876,0.960602163755676,-11.7236533020005,206.519989013672
"nn_test_result",1265,111,0.477477477477477,3.5048947304492,4.31506611479405,0.812245893158576,0.742224695472492,-64.5144139442473,206.519989013672
