"","Train_size","N_trade","Win_ratio","Mean_gain","Mean_loss","Payoff_ratio","Profit_factor","Cum_Profit","Buy_hold"
"xgb_test_result",1159,175,0.56,3.72153345712934,5.16301566744723,0.720806152224865,0.917389648286192,-32.8419275947621,206.519989013672
"svm_test_result",1159,91,0.56043956043956,2.58244880033008,4.01048287433625,0.64392465477302,0.821003934835601,-28.7144261566159,206.519989013672
"lr_test_result",1159,143,0.629370629370629,3.76627330531648,5.03350559551311,0.748240611607494,1.27059726499386,72.1888009162878,206.519989013672
"nn_test_result",1159,142,0.52112676056338,3.67195400435986,4.50532147130408,0.815025970454668,0.886940026671257,-34.6372637260476,206.519989013672
