"","Train_size","N_trade","Win_ratio","Mean_gain","Mean_loss","Payoff_ratio","Profit_factor","Cum_Profit","Buy_hold"
"xgb_test_result",1198,163,0.552147239263804,3.13567964304606,5.17228196041162,0.60624684946536,0.747427622628526,-95.3654152359028,206.519989013672
"svm_test_result",1198,77,0.558441558441558,2.733210164944,4.25377788575122,0.642537113679436,0.812620467300463,-27.1004110229494,206.519989013672
"lr_test_result",1198,137,0.591240875912409,3.60061231470928,4.96430117124828,0.72530094176456,1.04909600505231,13.6487319015485,206.519989013672
"nn_test_result",1198,135,0.496296296296296,3.82684751375109,4.56931982255824,0.837509227272373,0.825192915106603,-54.3149645126373,206.519989013672
