"","Train_size","N_trade","Win_ratio","Mean_gain","Mean_loss","Payoff_ratio","Profit_factor","Cum_Profit","Buy_hold"
"xgb_test_result",1198,267,0.543071161048689,3.81783632533632,7.03528269752132,0.542669923794451,0.644976548772093,-304.718221923836,158.5
"lr_test_result",1198,206,0.543689320388349,4.47494324557437,6.71899606100846,0.666013673016311,0.793548206147094,-130.391986230466,158.5
"nn_test_result",1198,219,0.497716894977169,4.54617944349935,5.47031476740055,0.831063592645814,0.823508469076307,-106.201065072631,158.5
