"","Train_size","N_trade","Win_ratio","Mean_gain","Mean_loss","Payoff_ratio","Profit_factor","Cum_Profit","Buy_hold"
"xgb_test_result",1113,234,0.55982905982906,5.74587948999182,7.89021061092488,0.728228912170736,0.926194053343363,-59.9814797363337,468.790008544922
"lr_test_result",1113,201,0.567164179104478,6.35843684606045,8.28734566788073,0.767246486496135,1.0053574650639,3.86272734526852,468.790008544922
"nn_test_result",1113,160,0.575,6.07632253155084,7.07170748564778,0.85924404309467,1.16250664653985,78.1455638786282,468.790008544922
