"","Train_size","N_trade","Win_ratio","Mean_gain","Mean_loss","Payoff_ratio","Profit_factor","Cum_Profit","Buy_hold"
"xgb_test_result",1113,144,0.576388888888889,3.97448133746221,4.975071495669,0.798879240413359,1.08699962220178,26.4025897735541,340.369995117187
"svm_test_result",1113,42,0.619047619047619,2.40183612779462,3.75372653465277,0.639853784132091,1.03976239921465,2.38811476821564,340.369995117187
"lr_test_result",1113,125,0.584,4.40020068161841,5.68291292532406,0.774286134494573,1.08697861188661,25.7031776412928,340.369995117187
"nn_test_result",1113,109,0.587155963302752,3.66889409741162,5.0954894973416,0.720027800925847,1.02403953909454,5.51219485397164,340.369995117187
