"","Train_size","N_trade","Win_ratio","Mean_gain","Mean_loss","Payoff_ratio","Profit_factor","Cum_Profit","Buy_hold"
"xgb_test_result",1169,79,0.556962025316456,4.16638168291609,6.31924909415115,0.659315944163736,0.828854329805839,-37.852924246982,340.369995117187
"svm_test_result",1169,41,0.609756097560976,2.13343830447378,2.97501222772608,0.717119171676297,1.12049870574421,5.73576196822724,340.369995117187
"lr_test_result",1169,104,0.615384615384615,3.26915197178119,6.60822104404453,0.494709839454814,0.791535743127703,-55.1031155677848,340.369995117187
"nn_test_result",1169,102,0.529411764705882,4.13396510733141,4.63319481976829,0.892249358842664,1.003780528698,0.840764447018088,340.369995117187
