"","Train_size","N_trade","Win_ratio","Mean_gain","Mean_loss","Payoff_ratio","Profit_factor","Cum_Profit","Buy_hold"
"xgb_test_result",1185,178,0.561797752808989,4.3864024738235,6.05485396343138,0.724443975084355,0.928774327031225,-33.6383617652984,340.369995117187
"svm_test_result",1185,41,0.731707317073171,2.17092270970662,2.72655557687919,0.796214362221601,2.17149371514982,35.1355699455274,340.369995117187
"lr_test_result",1185,170,0.547058823529412,3.55645865241419,5.37441284938667,0.661739012629083,0.799243223045516,-83.0791347282538,340.369995117187
"nn_test_result",1185,133,0.571428571428571,6.02203209605971,6.80670253769728,0.884720914820082,1.17962788642678,69.692394651793,340.369995117187
