"","Train_size","N_trade","Win_ratio","Mean_gain","Mean_loss","Payoff_ratio","Profit_factor","Cum_Profit","Buy_hold"
"xgb_test_result",1161,154,0.62987012987013,8.80257274553758,11.5277016380176,0.7636017154111,1.29946256833117,196.770562950142,584.849990844727
"svm_test_result",1161,56,0.696428571428571,5.76334064131522,8.64760727224925,0.666466510315537,1.52895258248859,77.7609613830563,584.849990844727
"lr_test_result",1161,169,0.621301775147929,9.65372922944568,11.5019446261405,0.839312789552613,1.37699754535976,277.517113018803,584.849990844727
"nn_test_result",1161,121,0.528925619834711,12.6704131659508,10.8415065714787,1.16869487486947,1.31221880687098,192.940568046566,584.849990844727
