"","Train_size","N_trade","Win_ratio","Mean_gain","Mean_loss","Payoff_ratio","Profit_factor","Cum_Profit","Buy_hold"
"xgb_test_result",1126,147,0.585034013605442,8.42370789798467,11.232925876655,0.749912176977094,1.05725323311525,39.230400750728,584.849990844727
"svm_test_result",1126,44,0.590909090909091,7.02694089566752,7.42555949986783,0.946318037824974,1.36690383241385,49.0403922897345,584.849990844727
"lr_test_result",1126,120,0.566666666666667,9.23943112941076,12.0013729114825,0.769864514464907,1.00674590353103,4.20992540284198,584.849990844727
"nn_test_result",1126,128,0.59375,9.50858430515091,11.081673686541,0.858045866907214,1.254067036249,146.405375491339,584.849990844727
