"","Train_size","N_trade","Win_ratio","Mean_gain","Mean_loss","Payoff_ratio","Profit_factor","Cum_Profit","Buy_hold"
"xgb_test_result",1126,245,0.559183673469388,9.90682041657162,13.8356928567958,0.716033560379712,0.908301831222413,-137.02043146363,581.539993286133
"lr_test_result",1126,184,0.559782608695652,10.3506548457767,15.8881403931041,0.651470505023306,0.828413111325933,-220.821922726429,581.539993286133
"nn_test_result",1126,201,0.54726368159204,10.6713480026661,13.4261074805794,0.794820689325035,0.960772261821471,-47.9275004394506,581.539993286133
