"","Train_size","N_trade","Win_ratio","Mean_gain","Mean_loss","Payoff_ratio","Profit_factor","Cum_Profit","Buy_hold"
"xgb_test_result",1241,142,0.584507042253521,8.43239319101361,10.5271454258547,0.801014220845059,1.12685051407017,78.7870547287038,584.849990844727
"svm_test_result",1241,36,0.694444444444444,6.79599282006842,12.6754162303578,0.53615539691643,1.21853499299189,30.4702419677752,584.849990844727
"lr_test_result",1241,161,0.565217391304348,10.0270789883457,11.2163562047468,0.893969378763325,1.16216019239232,127.319253607179,584.849990844727
"nn_test_result",1241,115,0.565217391304348,8.75633180584249,10.7296293465577,0.816088936814177,1.06091561785843,32.6801000518757,584.849990844727
