"","Train_size","N_trade","Win_ratio","Mean_gain","Mean_loss","Payoff_ratio","Profit_factor","Cum_Profit","Buy_hold"
"xgb_test_result",1216,161,0.521739130434783,4.51188510304408,5.21346144280373,0.865429840144295,0.944105280157412,-22.4381824401849,281.110000610352
"svm_test_result",1216,44,0.477272727272727,3.60333148614801,1.49420607638164,2.4115358270218,2.20183705945469,41.3032214523304,281.110000610352
"lr_test_result",1216,138,0.565217391304348,6.15726687699345,6.14335136734012,1.00226513328333,1.30294467326832,111.665734365082,281.110000610352
"nn_test_result",1216,132,0.590909090909091,5.85244473970851,6.34555090024036,0.92229104008713,1.33219816901474,113.830941084284,281.110000610352
