"","Train_size","N_trade","Win_ratio","Mean_gain","Mean_loss","Payoff_ratio","Profit_factor","Cum_Profit","Buy_hold"
"xgb_test_result",1308,143,0.440559440559441,5.41307644336031,5.27366994148253,1.02643443814737,0.808317120041055,-80.8697793869033,281.110000610352
"svm_test_result",1308,51,0.450980392156863,3.51231792595913,2.25369690551762,1.55846951618032,1.28017138829097,17.6797989425665,281.110000610352
"lr_test_result",1308,109,0.559633027522936,7.5022749596142,9.06551694997142,0.827561737627974,1.05169304156888,22.493958937838,281.110000610352
"nn_test_result",1308,135,0.511111111111111,6.09008351475814,7.01378098003507,0.868302493632713,0.907770788797836,-42.6937821640027,281.110000610352
