"","Train_size","N_trade","Win_ratio","Mean_gain","Mean_loss","Payoff_ratio","Profit_factor","Cum_Profit","Buy_hold"
"xgb_test_result",1164,137,0.532846715328467,5.38894698216686,7.1794083430291,0.750611571968782,0.856166324276892,-66.0890042556818,281.110000610352
"svm_test_result",1164,41,0.51219512195122,3.51168582869042,1.79291402038591,1.95864709002307,2.05657944452422,37.8871219947806,281.110000610352
"lr_test_result",1164,121,0.553719008264463,6.24194602763613,5.47910567584571,1.1392271653298,1.41348555698327,122.338677355953,281.110000610352
"nn_test_result",1164,141,0.475177304964539,7.92784905062999,6.22054862648218,1.27446139025093,1.15390423171368,70.8452880325279,281.110000610352
