"","Train_size","N_trade","Win_ratio","Mean_gain","Mean_loss","Payoff_ratio","Profit_factor","Cum_Profit","Buy_hold"
"xgb_test_result",1194,186,0.537634408602151,5.2398288090057,6.10629044058154,0.85810343611934,0.997794693162023,-1.15809698944278,281.110000610352
"svm_test_result",1194,44,0.409090909090909,5.93730189832056,3.18542867232107,1.8638941596499,1.290388264373,24.0502886894223,281.110000610352
"lr_test_result",1194,134,0.567164179104478,6.12195580960323,7.22466978438803,0.847368252433116,1.1103446066365,46.2377940353392,281.110000610352
"nn_test_result",1194,123,0.471544715447154,7.45700757621236,5.88887416104829,1.26628747232135,1.12991805222521,49.7296189521779,281.110000610352
