"","Train_size","N_trade","Win_ratio","Mean_gain","Mean_loss","Payoff_ratio","Profit_factor","Cum_Profit","Buy_hold"
"xgb_test_result",1184,181,0.50828729281768,1.10753385968415,1.40481391081435,0.78838474701758,0.814959513770981,-23.1353229715355,52.2849998474121
"svm_test_result",1184,100,0.57,1.12162069620501,1.60434829498558,0.699112966748339,0.926731141968728,-5.05459700069447,52.2849998474121
"lr_test_result",1184,139,0.589928057553957,1.34154954289692,1.95981952386824,0.684527083518896,0.984758260500868,-1.70265034294241,52.2849998474121
"nn_test_result",1184,153,0.444444444444444,1.45775202841197,1.31060942104115,1.11227037209448,0.889816297675583,-12.2746628564839,52.2849998474121
