"","Train_size","N_trade","Win_ratio","Mean_gain","Mean_loss","Payoff_ratio","Profit_factor","Cum_Profit","Buy_hold"
"xgb_test_result",1215,205,0.468292682926829,2.28577452576954,2.13674434220376,1.06974638033303,0.942161949651108,-13.470778826333,48.305004119873
"lr_test_result",1215,220,0.486363636363636,2.13442764010385,2.1983944526031,0.970902941269932,0.919350572706927,-20.0348156530382,48.305004119873
"nn_test_result",1215,217,0.47926267281106,1.72124396992096,1.67187456957724,1.02952936855556,0.947531454245827,-9.91245349044844,48.305004119873
