"","Train_size","N_trade","Win_ratio","Mean_gain","Mean_loss","Payoff_ratio","Profit_factor","Cum_Profit","Buy_hold"
"xgb_test_result",1215,140,0.471428571428571,1.93383939420526,1.8335925344493,1.05467237560829,0.940653740407391,-8.05244753170079,52.2849998474121
"svm_test_result",1215,71,0.605633802816901,1.32346839068213,1.77605478115082,0.745173180877098,1.14437309920411,7.17960692710883,52.2849998474121
"lr_test_result",1215,132,0.537878787878788,1.64332567133031,1.89658119668179,0.866467343557675,1.00851117037041,0.984669666862548,52.2849998474121
"nn_test_result",1215,135,0.496296296296296,1.58314242019084,1.17777576169406,1.34417982750274,1.32441247709829,25.9817903575897,52.2849998474121
