"","Train_size","N_trade","Win_ratio","Mean_gain","Mean_loss","Payoff_ratio","Profit_factor","Cum_Profit","Buy_hold"
"xgb_test_result",1237,168,0.553571428571429,29.3036140529509,31.3008151979168,0.936193318533799,1.16087971498191,377.674967080673,1064.92004394532
"svm_test_result",1237,29,0.586206896551724,14.3427694339529,17.8161340263369,0.805043867134729,1.1404788117742,30.0334720611561,1064.92004394532
"lr_test_result",1237,109,0.568807339449541,36.3196691092704,52.1082987085873,0.697003548559244,0.91945148958879,-197.270554528837,1064.92004394532
"nn_test_result",1237,124,0.516129032258065,31.772145253611,44.2668182322193,0.717741787696091,0.765591240209164,-622.591797702054,1064.92004394532
