"","Train_size","N_trade","Win_ratio","Mean_gain","Mean_loss","Payoff_ratio","Profit_factor","Cum_Profit","Buy_hold"
"xgb_test_result",1164,131,0.534351145038168,19.5209441676989,28.3427945360525,0.688744511162015,0.790362553792476,-362.444374960278,1064.92004394532
"svm_test_result",1164,14,0.642857142857143,7.3818601871066,10.2349668963624,0.721239283121686,1.29823070961903,15.2619072021474,1064.92004394532
"lr_test_result",1164,114,0.649122807017544,34.2319773774429,52.6468771086886,0.650218574347184,1.20290436254229,427.291241583231,1064.92004394532
"nn_test_result",1164,89,0.617977528089888,32.6289232770887,43.7974081220738,0.744996671632808,1.20514167470013,305.478904089369,1064.92004394532
