"","Train_size","N_trade","Win_ratio","Mean_gain","Mean_loss","Payoff_ratio","Profit_factor","Cum_Profit","Buy_hold"
"xgb_test_result",1276,128,0.5859375,29.0796740745442,37.265350136753,0.780340825131932,1.10425588462066,205.911998342905,1064.92004394532
"svm_test_result",1276,20,0.5,6.2267279931639,9.57883448699961,0.650050692661493,0.650050692661493,-33.5210649383571,1064.92004394532
"lr_test_result",1276,94,0.574468085106383,44.5068383048162,57.3354856720739,0.776252922306612,1.04794144511393,109.949841577122,1064.92004394532
"nn_test_result",1276,122,0.549180327868853,29.9838921152141,33.1153887124358,0.905436815964484,1.10298666672037,187.574392535375,1064.92004394532
