"","Train_size","N_trade","Win_ratio","Mean_gain","Mean_loss","Payoff_ratio","Profit_factor","Cum_Profit","Buy_hold"
"xgb_test_result",1214,174,0.586206896551724,24.0780123940263,34.1611549849198,0.704836016365823,0.998517689851582,-3.64589472353879,1064.92004394532
"svm_test_result",1214,8,0.875,14.9416250693186,10.5319566711433,1.41869412644446,9.93085888511122,94.0594188140869,1064.92004394532
"lr_test_result",1214,101,0.554455445544555,34.116212853077,45.9227047100153,0.74290512870503,0.924504160166259,-156.013792178377,1064.92004394532
"nn_test_result",1214,101,0.554455445544555,28.0569659920279,29.9705551978891,0.936151025790942,1.16498794320651,222.515111648555,1064.92004394532
