"","Train_size","N_trade","Win_ratio","Mean_gain","Mean_loss","Payoff_ratio","Profit_factor","Cum_Profit","Buy_hold"
"xgb_test_result",1215,163,0.644171779141104,5.78807710795083,6.98724926039589,0.82837707547632,1.49964815387954,202.487639231875,378.630004882813
"svm_test_result",1215,65,0.584615384615385,4.22690291043346,3.89451884553687,1.08534663152998,1.52752488881997,55.4703017669759,378.630004882813
"lr_test_result",1215,92,0.706521739130435,4.52811257062485,5.65760109354652,0.800359109055947,1.92679044772728,141.572087564859,378.630004882813
"nn_test_result",1215,109,0.614678899082569,5.69113171609912,6.67653932475134,0.852407428351525,1.35979280237029,100.891173339085,378.630004882813
