"","Train_size","N_trade","Win_ratio","Mean_gain","Mean_loss","Payoff_ratio","Profit_factor","Cum_Profit","Buy_hold"
"xgb_test_result",1170,236,0.567796610169492,8.54818739584164,9.96307390559326,0.857986950296805,1.12715932686051,129.223572672267,430.350006103516
"lr_test_result",1170,127,0.606299212598425,7.62314998048071,6.23047663404855,1.2235259721257,1.88422999707358,275.458716794587,430.350006103516
"nn_test_result",1170,191,0.507853403141361,9.06109555842607,11.3931233045294,0.79531269136917,0.820695011306484,-192.027321458433,430.350006103516
