"","Train_size","N_trade","Win_ratio","Mean_gain","Mean_loss","Payoff_ratio","Profit_factor","Cum_Profit","Buy_hold"
"xgb_test_result",1170,163,0.582822085889571,5.15208077036806,6.73017204813116,0.765519920370936,1.06947635934175,31.7959739120469,378.630004882813
"svm_test_result",1170,57,0.649122807017544,2.58855489594753,5.17937995368959,0.49978084618093,0.924594565434721,-7.81106792373321,378.630004882813
"lr_test_result",1170,110,0.7,5.42430813464882,6.84602195776736,0.792329935269124,1.84876984896129,191.753001761636,378.630004882813
"nn_test_result",1170,128,0.5703125,8.40549805898787,8.2946311963445,1.01336609910905,1.3450131860902,157.396642507167,378.630004882813
