"","Train_size","N_trade","Win_ratio","Mean_gain","Mean_loss","Payoff_ratio","Profit_factor","Cum_Profit","Buy_hold"
"xgb_test_result",1305,175,0.588571428571429,5.7408411762867,7.48408160765965,0.767073567237854,1.09734135313193,52.4527654060357,378.630004882813
"svm_test_result",1305,74,0.662162162162162,3.92945087596357,4.81959643460088,0.815307034371846,1.59800178736882,72.0531820571928,378.630004882813
"lr_test_result",1305,100,0.71,6.13237388945044,7.60628002145698,0.806225102435262,1.97386145768633,214.816425528729,378.630004882813
"nn_test_result",1305,149,0.463087248322148,6.79940004000454,5.75261039075851,1.18196776387424,1.01944719634153,8.94977149963253,378.630004882813
