"","Train_size","N_trade","Win_ratio","Mean_gain","Mean_loss","Payoff_ratio","Profit_factor","Cum_Profit","Buy_hold"
"xgb_test_result",1166,171,0.608187134502924,0.854747491952086,0.98359817749991,0.869000686972261,1.34889658873306,22.9926612705229,71.6899967193603
"svm_test_result",1166,71,0.605633802816901,0.436483056183753,0.610822616134377,0.714582342982091,1.09739431243678,1.66573816413884,71.6899967193603
"lr_test_result",1166,154,0.571428571428571,0.84403266798799,0.886607582092291,0.951979979684103,1.2693066395788,15.758774364852,71.6899967193603
"nn_test_result",1166,112,0.482142857142857,0.858978237448796,1.09613496709363,0.783642765932696,0.729598437247683,-17.1910032691955,71.6899967193603
