"","Train_size","N_trade","Win_ratio","Mean_gain","Mean_loss","Payoff_ratio","Profit_factor","Cum_Profit","Buy_hold"
"xgb_test_result",1201,173,0.601156069364162,0.803111132825333,1.065957156068,0.753417835091772,1.13558630216731,9.97251404514276,71.6899967193603
"svm_test_result",1201,55,0.636363636363636,0.519853174967097,0.529212656850821,0.982314327213147,1.71905007262301,7.61060798683197,71.6899967193603
"lr_test_result",1201,137,0.62043795620438,1.03524827629089,0.898038246341853,1.15278862621715,1.8843660236242,41.2981146749491,71.6899967193603
"nn_test_result",1201,146,0.561643835616438,0.98625623045898,1.11547635594905,0.884157001803839,1.13282615856117,9.48252411689743,71.6899967193603
