"","Train_size","N_trade","Win_ratio","Mean_gain","Mean_loss","Payoff_ratio","Profit_factor","Cum_Profit","Buy_hold"
"xgb_test_result",1248,178,0.567415730337079,0.92996931789511,1.06839012147235,0.870439832047042,1.14174575372404,11.6608617540352,71.6899967193603
"svm_test_result",1248,66,0.606060606060606,0.409301839480411,0.608966148926668,0.672125766270957,1.03403964041686,0.538953707123042,71.6899967193603
"lr_test_result",1248,175,0.588571428571429,0.93374174208409,0.904923814614611,1.03184569463646,1.47611259093827,31.0208847824092,71.6899967193603
"nn_test_result",1248,128,0.546875,0.972019843096052,0.983452423013496,0.988375055417106,1.19286644619306,11.0011484819408,71.6899967193603
