"","Train_size","N_trade","Win_ratio","Mean_gain","Mean_loss","Payoff_ratio","Profit_factor","Cum_Profit","Buy_hold"
"xgb_test_result",1201,182,0.510989010989011,2.76455502420246,2.29030109832413,1.20707055776437,1.26132091991108,53.2668194999807,238.960006713867
"svm_test_result",1201,25,0.64,1.26716788630492,0.848046181403419,1.49422037866841,2.6563917842994,12.6422705482479,238.960006713867
"lr_test_result",1201,109,0.587155963302752,2.65034085675481,2.30732009095937,1.14866631081638,1.63365875316107,65.7924107391364,238.960006713867
"nn_test_result",1201,149,0.536912751677852,3.51107859844209,3.34077953849457,1.05097584500421,1.21852271884546,50.3724997192419,238.960006713867
