"","Train_size","N_trade","Win_ratio","Mean_gain","Mean_loss","Payoff_ratio","Profit_factor","Cum_Profit","Buy_hold"
"xgb_test_result",1183,178,0.50561797752809,2.8190633522034,2.5553563904675,1.10319772330765,1.12827039883737,28.8443393371665,238.960006713867
"svm_test_result",1183,24,0.625,1.26606087488816,0.784462266455918,1.61392195523696,2.68986992539494,11.9307527252191,238.960006713867
"lr_test_result",1183,113,0.557522123893805,2.83149934407801,3.10370467572029,0.912296638990272,1.14949376512774,23.1992248909003,238.960006713867
"nn_test_result",1183,129,0.503875968992248,2.70401018341068,2.92900764560701,0.923183040326379,0.937607775331479,-11.6958273971539,238.960006713867
