"","Train_size","N_trade","Win_ratio","Mean_gain","Mean_loss","Payoff_ratio","Profit_factor","Cum_Profit","Buy_hold"
"xgb_test_result",1183,290,0.493103448275862,3.37830418146308,3.52904700812514,0.957285117961027,0.931236543322632,-35.6724122451743,278.449996948242
"lr_test_result",1183,156,0.564102564102564,4.2174530589451,5.0341956310273,0.837761058182092,1.08416136941212,28.810566277312,278.449996948242
"nn_test_result",1183,206,0.475728155339806,3.59964959198309,4.21829751264786,0.853341799906275,0.774328670285324,-102.810471351626,278.449996948242
