"","Train_size","N_trade","Win_ratio","Mean_gain","Mean_loss","Payoff_ratio","Profit_factor","Cum_Profit","Buy_hold"
"xgb_test_result",1245,170,0.611764705882353,2.58413667829958,2.66462064524564,0.969795337625392,1.52816235019759,92.8852519569445,238.960006713867
"svm_test_result",1245,43,0.604651162790698,1.45381406971862,1.2280768972061,1.1838135486679,1.81053836855091,16.9218585601805,238.960006713867
"lr_test_result",1245,115,0.669565217391304,3.80503917599966,3.11025975106886,1.22338308711742,2.47896046600108,174.798146011358,238.960006713867
"nn_test_result",1245,116,0.594827586206897,3.21419949957806,3.18038980357392,1.01063067676992,1.48369184461967,72.3014447029121,238.960006713867
