"","Train_size","N_trade","Win_ratio","Mean_gain","Mean_loss","Payoff_ratio","Profit_factor","Cum_Profit","Buy_hold"
"xgb_test_result",1202,165,0.539393939393939,8.21888447169616,9.2629383374666,0.887286967943264,1.03905973877566,27.4974043334968,350.730010986328
"svm_test_result",1202,110,0.645454545454546,8.23196454493565,12.7748355264518,0.644389082574913,1.17311858622612,86.2508971588125,350.730010986328
"lr_test_result",1202,142,0.549295774647887,10.0556376066159,11.744846473217,0.856174461671066,1.04346262516161,32.6695590301511,350.730010986328
"nn_test_result",1202,148,0.540540540540541,9.06007133407588,11.8265966995239,0.766075952724474,0.901265826734675,-79.4028688415539,350.730010986328
