"","Train_size","N_trade","Win_ratio","Mean_gain","Mean_loss","Payoff_ratio","Profit_factor","Cum_Profit","Buy_hold"
"xgb_test_result",1209,168,0.553571428571429,9.05064072777533,11.1838418315023,0.809260436988814,1.00348294186613,2.92145032043294,350.730010986328
"svm_test_result",1209,118,0.610169491525424,7.38365517395868,13.0014467494799,0.567910273082037,0.888903036128406,-66.4433779510496,350.730010986328
"lr_test_result",1209,130,0.592307692307692,8.56020234291772,12.7545035660078,0.671151354391527,0.975068948832973,-16.8531085937511,350.730010986328
"nn_test_result",1209,142,0.514084507042254,7.92917884809934,10.1132142712137,0.784041417046701,0.829493093397235,-118.981728802496,350.730010986328
