"","Train_size","N_trade","Win_ratio","Mean_gain","Mean_loss","Payoff_ratio","Profit_factor","Cum_Profit","Buy_hold"
"xgb_test_result",1202,256,0.50390625,8.60555717559339,9.81506646077317,0.876770138030783,0.890577541779299,-136.396564866644,217.519989013672
"lr_test_result",1202,221,0.53393665158371,10.2745849141395,15.3596938210348,0.668931622847108,0.766348849475328,-369.647443698123,217.519989013672
"nn_test_result",1202,228,0.508771929824561,9.7285179139367,13.2734103966849,0.732932804998363,0.759108976605447,-358.113886412053,217.519989013672
