"","Train_size","N_trade","Win_ratio","Mean_gain","Mean_loss","Payoff_ratio","Profit_factor","Cum_Profit","Buy_hold"
"xgb_test_result",1351,162,0.549382716049383,8.78437418267755,11.6928935302317,0.751257518933683,0.915916701165723,-71.7719254486094,350.730010986328
"svm_test_result",1351,97,0.587628865979381,9.70424097900394,14.138515080719,0.686369178347297,0.978076079144898,-12.3988674255337,350.730010986328
"lr_test_result",1351,153,0.549019607843137,8.81621766717091,10.244454693515,0.860584377687938,1.04766793805488,33.6949101898196,350.730010986328
"nn_test_result",1351,139,0.496402877697842,9.75919140215884,10.3591202460589,0.942086892549754,0.928628508370472,-51.7542104751608,350.730010986328
