"","Train_size","N_trade","Win_ratio","Mean_gain","Mean_loss","Payoff_ratio","Profit_factor","Cum_Profit","Buy_hold"
"xgb_test_result",1183,272,0.492647058823529,0.948842095523091,1.58371127564527,0.599125680365251,0.581759718615533,-91.407315238953,19.4800033569336
"lr_test_result",1183,241,0.50207468879668,0.980553152872509,1.75354497801781,0.559183348682004,0.56384320992102,-91.7784658645636,19.4800033569336
"nn_test_result",1183,247,0.506072874493927,1.20432744299011,1.7678714783903,0.681230201239903,0.697981763565475,-65.139389989853,19.4800033569336
