"","Train_size","N_trade","Win_ratio","Mean_gain","Mean_loss","Payoff_ratio","Profit_factor","Cum_Profit","Buy_hold"
"xgb_test_result",1183,169,0.461538461538462,0.873612535995087,1.35456609813564,0.644939023055045,0.552804876904324,-55.1237371227269,33.620002746582
"svm_test_result",1183,136,0.566176470588235,0.790060861052472,1.63829666168084,0.48224529752865,0.629370981520442,-35.8248167381293,33.620002746582
"lr_test_result",1183,147,0.54421768707483,0.938299492163655,1.87971936375633,0.49916998795427,0.596023866214054,-50.8772379985816,33.620002746582
"nn_test_result",1183,159,0.490566037735849,1.2213360833975,1.36700980793989,0.893436225770813,0.860345995186709,-15.4635799381261,33.620002746582
