"","Train_size","N_trade","Win_ratio","Mean_gain","Mean_loss","Payoff_ratio","Profit_factor","Cum_Profit","Buy_hold"
"xgb_test_result",1158,181,0.513812154696133,0.946842811613186,1.30162321870978,0.727432330649213,0.768763713072464,-26.4864617664344,33.620002746582
"svm_test_result",1158,144,0.583333333333333,0.801534320808589,1.82434113584519,0.439355504877792,0.615097706828909,-42.1315852027901,33.620002746582
"lr_test_result",1158,165,0.527272727272727,0.899403431780575,1.45899057329618,0.616455958141407,0.687585491773108,-35.5531661521917,33.620002746582
"nn_test_result",1158,144,0.534722222222222,1.37850603742722,1.64515458624541,0.837918849056769,0.962981363841362,-4.08039239654656,33.620002746582
