"","Train_size","N_trade","Win_ratio","Mean_gain","Mean_loss","Payoff_ratio","Profit_factor","Cum_Profit","Buy_hold"
"xgb_test_result",1210,165,0.503030303030303,0.933768993809714,1.37883032098166,0.677218204155037,0.685476962742294,-35.5612598342899,33.620002746582
"svm_test_result",1210,134,0.514925373134328,0.890564322186894,1.70292465462905,0.522961670539021,0.555143927187576,-49.2411643199927,33.620002746582
"lr_test_result",1210,165,0.533333333333333,0.883830722670115,1.31276660509481,0.673258078960871,0.76943780452671,-23.3059249973301,33.620002746582
"nn_test_result",1210,144,0.479166666666667,1.40453870813121,1.77960614838155,0.789241321406171,0.726102015693678,-36.5572902675635,33.620002746582
