"","Train_size","N_trade","Win_ratio","Mean_gain","Mean_loss","Payoff_ratio","Profit_factor","Cum_Profit","Buy_hold"
"xgb_test_result",1336,175,0.52,2.95205273014529,3.01320813972381,0.979704219973293,1.0613462383044,15.5273147064215,264.079990386963
"svm_test_result",1336,69,0.710144927536232,1.23869295978936,1.60660337705612,0.771001093038341,1.88895267794394,28.5638874885562,264.079990386963
"lr_test_result",1336,111,0.630630630630631,2.41338509771077,2.55223075020019,0.945598315325317,1.61443614811639,64.295496081546,264.079990386963
"nn_test_result",1336,147,0.571428571428571,3.70235095679418,2.61056794497172,1.41821666198168,1.89095554930891,146.531699837493,264.079990386963
