"","Train_size","N_trade","Win_ratio","Mean_gain","Mean_loss","Payoff_ratio","Profit_factor","Cum_Profit","Buy_hold"
"xgb_test_result",1252,165,0.563636363636364,3.14258815856441,2.88542142791747,1.08912622889633,1.40678804565776,84.5103559364321,264.079990386963
"svm_test_result",1252,73,0.657534246575342,1.32330089720884,1.279641495224,1.03411846376332,1.98550745042557,31.5274056854244,264.079990386963
"lr_test_result",1252,144,0.5625,2.42867880390778,1.6883413576701,1.43849985838132,1.84949981791884,90.3574775833134,264.079990386963
"nn_test_result",1252,131,0.618320610687023,3.25432256676002,2.77458770268247,1.17290311768258,1.90010305064578,124.870742773438,264.079990386963
