"","Train_size","N_trade","Win_ratio","Mean_gain","Mean_loss","Payoff_ratio","Profit_factor","Cum_Profit","Buy_hold"
"xgb_test_result",1285,162,0.555555555555556,2.88057710894266,2.24407387577161,1.28363737934082,1.60454672417603,97.6786207492841,264.079990386963
"svm_test_result",1285,73,0.73972602739726,1.3537394781254,1.84545378084685,0.733553715717655,2.08483687625018,38.0383099826816,264.079990386963
"lr_test_result",1285,112,0.598214285714286,3.83390135818027,2.86371670753481,1.33878513474911,1.99330231173756,128.004139159012,264.079990386963
"nn_test_result",1285,153,0.535947712418301,2.87455244686313,2.86592518569518,1.00301028833935,1.1584062485046,32.2326124584185,264.079990386963
