"","Train_size","N_trade","Win_ratio","Mean_gain","Mean_loss","Payoff_ratio","Profit_factor","Cum_Profit","Buy_hold"
"xgb_test_result",1252,266,0.56390977443609,5.87910301782226,6.06293270327465,0.969679741727448,1.25389621775101,178.56525909348,465.85998916626
"lr_test_result",1252,196,0.576530612244898,3.71403983258609,3.21046334126019,1.15685477072859,1.57499504930519,153.218043757633,465.85998916626
"nn_test_result",1252,187,0.593582887700535,6.98336485231412,7.14108567918474,0.977913606704039,1.42826855715985,232.430986988826,465.85998916626
