"","Train_size","N_trade","Win_ratio","Mean_gain","Mean_loss","Payoff_ratio","Profit_factor","Cum_Profit","Buy_hold"
"xgb_test_result",1160,175,0.497142857142857,6.068691940483,6.33512267827116,0.957943870810585,0.94705814500592,-29.5145968658413,366.940002441406
"svm_test_result",1160,89,0.606741573033708,5.5176199681035,8.00224298557823,0.689509176120676,1.06381415744333,17.872973782351,366.940002441406
"lr_test_result",1160,143,0.531468531468531,6.68696358574312,6.96213867456238,0.960475494430373,1.08949459069714,41.7459413207978,366.940002441406
"nn_test_result",1160,132,0.613636363636364,7.283900785206,8.98464605527399,0.810705367845888,1.28759087834347,131.779014782713,366.940002441406
