"","Train_size","N_trade","Win_ratio","Mean_gain","Mean_loss","Payoff_ratio","Profit_factor","Cum_Profit","Buy_hold"
"xgb_test_result",1201,165,0.515151515151515,5.65298826767868,7.0080091819763,0.806646812366833,0.85706223813976,-80.1367318054163,366.940002441406
"svm_test_result",1201,69,0.536231884057971,4.73455214926231,5.19554183235166,0.911272067868098,1.05365832847249,8.92109088745224,366.940002441406
"lr_test_result",1201,124,0.532258064516129,6.39667415027042,6.39679014803135,0.999981866255067,1.13791039953163,51.1666653320292,366.940002441406
"nn_test_result",1201,121,0.512396694214876,5.84440350312263,8.2388907338806,0.709367764654145,0.745437312009441,-123.741536105352,366.940002441406
