"","Train_size","N_trade","Win_ratio","Mean_gain","Mean_loss","Payoff_ratio","Profit_factor","Cum_Profit","Buy_hold"
"xgb_test_result",1284,178,0.471910112359551,5.96322496366961,6.32247470060306,0.94317893642197,0.842840751696229,-93.4017249084405,366.940002441406
"svm_test_result",1284,57,0.56140350877193,4.75282494602211,6.15539375451657,0.772139872048751,0.988339036222401,-1.79444559020692,366.940002441406
"lr_test_result",1284,133,0.541353383458647,6.55715237036804,6.97870227971309,0.939594799656307,1.10902992746318,46.4141316040001,366.940002441406
"nn_test_result",1284,147,0.482993197278912,7.09806776944017,8.72900260893162,0.81315908442705,0.75966177624106,-159.441386648552,366.940002441406
