"","Train_size","N_trade","Win_ratio","Mean_gain","Mean_loss","Payoff_ratio","Profit_factor","Cum_Profit","Buy_hold"
"xgb_test_result",1160,232,0.5,6.51016338982425,7.47941699505511,0.870410540571322,0.870410540571322,-112.43341820678,648.739990234375
"lr_test_result",1160,204,0.519607843137255,8.18805198318195,9.55707998691478,0.85675248029657,0.926691458279964,-68.6603285003614,648.739990234375
"nn_test_result",1160,162,0.549382716049383,11.9677488369717,12.494486015717,0.95784242920576,1.16778049588099,153.032167343145,648.739990234375
