"","Train_size","N_trade","Win_ratio","Mean_gain","Mean_loss","Payoff_ratio","Profit_factor","Cum_Profit","Buy_hold"
"xgb_test_result",1105,166,0.578313253012048,1.02398366831541,1.43096404639106,0.715590074326418,0.981380673361945,-1.86505108909476,72.4400024414063
"svm_test_result",1105,96,0.59375,0.940888930913016,1.54590184032735,0.608634330051499,0.889542482382961,-6.65950271072469,72.4400024414063
"lr_test_result",1105,136,0.514705882352941,1.16411488921033,1.22746867938184,0.948386634025228,1.00586461184494,0.475109405521977,72.4400024414063
"nn_test_result",1105,128,0.5,1.24247890179756,1.44353848491313,0.860717545658181,0.860717545658181,-12.8678133193966,72.4400024414063
