"","Train_size","N_trade","Win_ratio","Mean_gain","Mean_loss","Payoff_ratio","Profit_factor","Cum_Profit","Buy_hold"
"xgb_test_result",1169,177,0.519774011299435,1.1767032610188,1.33787070601072,0.879534364368823,0.951966606140373,-5.46230999718096,72.4400024414063
"svm_test_result",1169,71,0.619718309859155,1.18238054008483,1.79704248154251,0.657959148005183,1.07222972267511,3.50459676208473,72.4400024414063
"lr_test_result",1169,143,0.594405594405594,1.0169978357921,1.2764435746686,0.796743276377214,1.16764100848385,12.4110887115499,72.4400024414063
"nn_test_result",1169,147,0.462585034013605,1.4217088930859,1.47926481228601,0.961091537686777,0.827268665350643,-20.1857154407534,72.4400024414063
