"","Train_size","N_trade","Win_ratio","Mean_gain","Mean_loss","Payoff_ratio","Profit_factor","Cum_Profit","Buy_hold"
"xgb_test_result",1215,253,0.411067193675889,1.99980665530424,1.88032540942459,1.06354285555084,0.74233863743146,-72.1885938526238,55.2699966430663
"lr_test_result",1215,236,0.38135593220339,1.70977229849925,1.74877553208495,0.977696832515035,0.602689828262693,-101.44172081947,55.2699966430663
"nn_test_result",1215,189,0.428571428571429,2.37940132118979,2.19668139135579,1.0831799871174,0.812384990338047,-44.5100832500523,55.2699966430663
