"","Train_size","N_trade","Win_ratio","Mean_gain","Mean_loss","Payoff_ratio","Profit_factor","Cum_Profit","Buy_hold"
"xgb_test_result",1215,288,0.420138888888889,1.4772817476714,1.40625720510426,1.05050608260661,0.761145125720957,-56.0938617841725,29.25
"lr_test_result",1215,215,0.502325581395349,1.27504362210521,1.85150464155251,0.688652673879374,0.695088680177312,-60.4062854587561,29.25
"nn_test_result",1215,253,0.438735177865613,1.59711149416228,1.45058753714092,1.10101007575879,0.860648721191731,-28.7040544219973,29.25
