"","Train_size","N_trade","Win_ratio","Mean_gain","Mean_loss","Payoff_ratio","Profit_factor","Cum_Profit","Buy_hold"
"xgb_test_result",1284,186,0.516129032258065,1.03445368267099,1.09519552103254,0.944537904698255,1.0075070983448,0.739956643486298,28.7299957275391
"svm_test_result",1284,158,0.594936708860759,0.928557860398801,1.22956938786506,0.755189474919413,1.10918454128789,8.59199805412327,28.7299957275391
"lr_test_result",1284,173,0.589595375722543,0.884644807088139,1.15410373582974,0.766521049732262,1.10119925454494,8.29240507907855,28.7299957275391
"nn_test_result",1284,159,0.559748427672956,1.29147647009859,1.30541990250997,0.989318814287598,1.25784820673709,23.562012663077,28.7299957275391
