"","Train_size","N_trade","Win_ratio","Mean_gain","Mean_loss","Payoff_ratio","Profit_factor","Cum_Profit","Buy_hold"
"xgb_test_result",1215,184,0.434782608695652,1.13739120383978,1.31095266609192,0.867606614074369,0.66738970313413,-45.3477809663776,28.7299957275391
"svm_test_result",1215,117,0.444444444444444,1.44395109099609,1.52777507600051,0.945133294605213,0.75610663568417,-24.2199232082364,28.7299957275391
"lr_test_result",1215,138,0.514492753623188,1.00626121977148,1.49964927582812,0.670997703256857,0.711057267630401,-29.0319548767091,28.7299957275391
"nn_test_result",1215,148,0.445945945945946,1.3994102608623,1.31171824970013,1.0668527796897,0.858686383652685,-15.1998192584995,28.7299957275391
