"","Train_size","N_trade","Win_ratio","Mean_gain","Mean_loss","Payoff_ratio","Profit_factor","Cum_Profit","Buy_hold"
"xgb_test_result",1205,288,0.59375,5.13642490172359,8.14555414972559,0.630580167697569,0.92161716817337,-74.7011773231595,104.570007324219
"lr_test_result",1205,227,0.541850220264317,5.25333050663022,6.52334588214436,0.805312274029435,0.952436631784812,-32.2683194274958,104.570007324219
"nn_test_result",1205,201,0.54228855721393,5.55000560786393,6.95881238974696,0.797550687821566,0.944924184484247,-35.2601285995526,104.570007324219
