"","Train_size","N_trade","Win_ratio","Mean_gain","Mean_loss","Payoff_ratio","Profit_factor","Cum_Profit","Buy_hold"
"xgb_test_result",1203,140,0.528571428571429,3.91686700278617,6.16402470297376,0.635439861377669,0.712462874877993,-116.977472190091,191.049987792969
"svm_test_result",1203,22,0.681818181818182,3.96040350133257,2.44838779983528,1.61755564277808,3.46619066309588,42.2673379211415,191.049987792969
"lr_test_result",1203,130,0.592307692307692,5.05944446307092,5.14989592927183,0.982436253578099,1.4273130476512,116.632739405054,191.049987792969
"nn_test_result",1203,87,0.620689655172414,5.08490442254806,5.29304603722322,0.960676401978858,1.57201593051086,99.9143195892287,191.049987792969
