"","Train_size","N_trade","Win_ratio","Mean_gain","Mean_loss","Payoff_ratio","Profit_factor","Cum_Profit","Buy_hold"
"xgb_test_result",1160,168,0.660714285714286,4.27245387676339,6.74795989473576,0.633147491006345,1.23297142985446,89.6086663207977,191.049987792969
"svm_test_result",1160,21,0.619047619047619,4.25180505916888,2.23281118278511,1.90423851866657,3.09438759283318,37.4109763069145,191.049987792969
"lr_test_result",1160,98,0.642857142857143,4.63909009204441,9.30698291769846,0.498452627781509,0.897214730006715,-33.4817263206483,191.049987792969
"nn_test_result",1160,138,0.572463768115942,6.03890112810738,6.08842230174177,0.991866337257811,1.32809221429436,117.856273317719,191.049987792969
