"","Train_size","N_trade","Win_ratio","Mean_gain","Mean_loss","Payoff_ratio","Profit_factor","Cum_Profit","Buy_hold"
"xgb_test_result",1267,163,0.631901840490798,4.32137800161118,6.96486633153281,0.620453831546849,1.06511241082209,27.2099542739827,191.049987792969
"svm_test_result",1267,24,0.583333333333333,3.61658127348765,1.89862054069528,1.90484680638883,2.66678552894436,31.6459324218742,191.049987792969
"lr_test_result",1267,100,0.6,4.23079818429311,4.56378323993681,0.927037495398596,1.39055624309789,71.2965614601142,191.049987792969
"nn_test_result",1267,142,0.556338028169014,5.67146202374223,6.48402574522234,0.874682218515429,1.09682373432887,39.5518779266288,191.049987792969
