"","Train_size","N_trade","Win_ratio","Mean_gain","Mean_loss","Payoff_ratio","Profit_factor","Cum_Profit","Buy_hold"
"xgb_test_result",1184,173,0.554913294797688,4.9434052363237,5.92758194994241,0.833966578289437,1.03975053916605,18.1430925415097,414.16000366211
"svm_test_result",1184,63,0.682539682539683,4.30754782335145,5.12455439079282,0.840570222279372,1.80722597790065,82.733468588256,414.16000366211
"lr_test_result",1184,120,0.666666666666667,5.85466708047864,8.13511678226464,0.719678307906089,1.43935661581218,142.968695147706,414.16000366211
"nn_test_result",1184,131,0.488549618320611,8.39973280134206,6.71760053806593,1.25040671200143,1.19441835176256,87.5036632354748,414.16000366211
