"","Train_size","N_trade","Win_ratio","Mean_gain","Mean_loss","Payoff_ratio","Profit_factor","Cum_Profit","Buy_hold"
"xgb_test_result",1170,286,0.541958041958042,4.98874560804802,7.60586103561057,0.655908066777812,0.776074430156954,-223.112226417542,208.220001220704
"lr_test_result",1170,176,0.568181818181818,6.59860135096738,10.7586257329037,0.613331248319803,0.807014800420793,-157.795420603943,208.220001220704
"nn_test_result",1170,231,0.398268398268398,8.57028759762312,8.09605334516561,1.05857597921346,0.700640216457832,-336.884955996692,208.220001220704
