"","Train_size","N_trade","Win_ratio","Mean_gain","Mean_loss","Payoff_ratio","Profit_factor","Cum_Profit","Buy_hold"
"xgb_test_result",1231,158,0.620253164556962,4.17960123881122,6.23715754061384,0.670113142340137,1.09451813248889,35.3714689666695,414.16000366211
"svm_test_result",1231,67,0.626865671641791,3.13005444830028,3.55287525970455,0.880991934560792,1.48006645006213,42.6404053359982,414.16000366211
"lr_test_result",1231,134,0.641791044776119,4.709746307515,6.72024341920216,0.700829719063086,1.2556532466547,82.4664983245867,414.16000366211
"nn_test_result",1231,112,0.508928571428571,3.59454397757012,5.79338232641041,0.620456889438075,0.643018958144914,-113.747021231076,414.16000366211
