"","Train_size","N_trade","Win_ratio","Mean_gain","Mean_loss","Payoff_ratio","Profit_factor","Cum_Profit","Buy_hold"
"xgb_test_result",1170,184,0.576086956521739,4.91411083748297,5.72192091794137,0.858821872576835,1.16711690375826,74.585917173768,414.16000366211
"svm_test_result",1170,70,0.7,3.41792034351578,4.13023293892991,0.827536943812501,1.9309195355625,80.7432051147452,414.16000366211
"lr_test_result",1170,114,0.649122807017544,5.90852653604452,7.86512835266107,0.751230783671247,1.38977694979181,122.625829560851,414.16000366211
"nn_test_result",1170,136,0.404411764705882,7.60816903958412,6.25710437765232,1.2159249039791,0.825628021220378,-88.3761574127115,414.16000366211
