"","Train_size","N_trade","Win_ratio","Mean_gain","Mean_loss","Payoff_ratio","Profit_factor","Cum_Profit","Buy_hold"
"xgb_test_result",1185,181,0.591160220994475,1.79671147428139,2.39177665570235,0.751203700394753,1.08619994516539,15.2566552261351,127.109996795654
"svm_test_result",1185,80,0.5875,1.73898980188571,1.50748474294489,1.15357041590257,1.64296392567941,31.985524171447,127.109996795654
"lr_test_result",1185,156,0.576923076923077,2.31803882040235,2.46864819469456,0.938991155314927,1.28044248452035,45.6927129863707,127.109996795654
"nn_test_result",1185,94,0.51063829787234,2.36138038911021,2.20367520988298,1.0715646201037,1.11815438619517,11.9771990226729,127.109996795654
