"","Train_size","N_trade","Win_ratio","Mean_gain","Mean_loss","Payoff_ratio","Profit_factor","Cum_Profit","Buy_hold"
"xgb_test_result",1253,179,0.547486033519553,1.90880223573178,2.39084188967105,0.798380789619849,0.965942189910435,-6.59557396164003,127.109996795654
"svm_test_result",1253,84,0.547619047619048,1.31389205780028,1.4975925575658,0.877336129351428,1.06203847237278,3.53051747131273,127.109996795654
"lr_test_result",1253,160,0.54375,2.18191513409228,2.51390983072577,0.867936911429461,1.03439056567621,6.31119902304759,127.109996795654
"nn_test_result",1253,127,0.52755905511811,2.04743850169393,2.07696703007385,0.985782861281688,1.10079086176455,12.5603578090623,127.109996795654
