"","Train_size","N_trade","Win_ratio","Mean_gain","Mean_loss","Payoff_ratio","Profit_factor","Cum_Profit","Buy_hold"
"xgb_test_result",1215,124,0.532258064516129,1.87331448792544,1.75378714679848,1.06815384714454,1.21548541226792,21.9191016887673,127.109996795654
"svm_test_result",1215,70,0.514285714285714,1.59886117504965,1.71252684226316,0.93362692811092,0.988546159176268,-0.666910335160132,127.109996795654
"lr_test_result",1215,122,0.483606557377049,3.26747504669449,2.5642105647375,1.27426159599689,1.19335609783836,31.2357621765125,127.109996795654
"nn_test_result",1215,84,0.535714285714286,1.62270842697993,1.73142681608936,0.937208787516078,1.08139475482624,5.4962333866119,127.109996795654
