"","Train_size","N_trade","Win_ratio","Mean_gain","Mean_loss","Payoff_ratio","Profit_factor","Cum_Profit","Buy_hold"
"xgb_test_result",1173,281,0.533807829181495,9.66914237296545,12.1134576606343,0.798214898161386,0.913986524612274,-136.491597598273,434.490020751954
"lr_test_result",1173,283,0.586572438162544,9.42450811295103,13.2360576102493,0.712032871906903,1.01023467296193,15.8496063507026,434.490020751954
"nn_test_result",1173,240,0.483333333333333,10.6584267093526,12.2631440853488,0.869143070910064,0.813069324399737,-284.252368298344,434.490020751954
