"","Train_size","N_trade","Win_ratio","Mean_gain","Mean_loss","Payoff_ratio","Profit_factor","Cum_Profit","Buy_hold"
"xgb_test_result",1201,184,0.554347826086957,8.00109200209065,11.0865047288848,0.721696530850212,0.89772007496002,-92.9820035553095,276.190032958985
"svm_test_result",1201,164,0.579268292682927,8.43775745640803,11.1701842598293,0.755382119053512,1.04001885956643,30.8442444305424,276.190032958985
"lr_test_result",1201,190,0.578947368421053,8.40110504486079,11.5182895625304,0.729370884388078,1.00288496603361,2.65838993225202,276.190032958985
"nn_test_result",1201,137,0.569343065693431,11.6772460805257,11.7424538228697,0.994446838511978,1.31469243057516,218.020418731691,276.190032958985
