"","Train_size","N_trade","Win_ratio","Mean_gain","Mean_loss","Payoff_ratio","Profit_factor","Cum_Profit","Buy_hold"
"xgb_test_result",1261,172,0.546511627906977,9.53754147666763,10.6654610892663,0.894245583650033,1.07768057516799,64.6229338439885,276.190032958985
"svm_test_result",1261,174,0.580459770114943,7.83649116839415,10.77685703125,0.727159239996449,1.00606963341974,4.77504472655806,276.190032958985
"lr_test_result",1261,167,0.538922155688623,7.90631276357013,10.354663063188,0.763550944663563,0.892462143113256,-85.740907144167,276.190032958985
"nn_test_result",1261,146,0.472602739726027,10.7908345481542,13.4933000171215,0.799717973695226,0.716630392012605,-294.416517495718,276.190032958985
