"","Train_size","N_trade","Win_ratio","Mean_gain","Mean_loss","Payoff_ratio","Profit_factor","Cum_Profit","Buy_hold"
"xgb_test_result",1173,174,0.540229885057471,8.44748310981907,10.7568374119186,0.785312893217035,0.922742649530016,-66.4835806304984,276.190032958985
"svm_test_result",1173,159,0.578616352201258,8.52360113482265,10.4661769094894,0.814394903557817,1.11827359891521,82.9374514678962,276.190032958985
"lr_test_result",1173,184,0.58695652173913,8.60327355174305,11.3269548439427,0.759539847229446,1.07934609869448,68.3049754486066,276.190032958985
"nn_test_result",1173,158,0.5,9.09582364872791,9.96317743283038,0.912944059267239,0.912944059267239,-68.5209489440947,276.190032958985
