"","Train_size","N_trade","Win_ratio","Mean_gain","Mean_loss","Payoff_ratio","Profit_factor","Cum_Profit","Buy_hold"
"xgb_test_result",1180,168,0.5,1.60541112327122,2.53276167014901,0.633857951260281,0.633857951260281,-77.8974459377345,32.4699935913082
"svm_test_result",1180,109,0.55045871559633,1.60436312852226,3.01126986102677,0.532786233903064,0.652391306820079,-51.2904354789763,32.4699935913082
"lr_test_result",1180,146,0.513698630136986,1.63311314458217,2.3834910839994,0.685176947187013,0.723778465338394,-46.7443811202944,32.4699935913082
"nn_test_result",1180,139,0.474820143884892,1.88567395526995,2.28003068008427,0.827038851600127,0.747733756241211,-41.9877585983348,32.4699935913082
