"","Train_size","N_trade","Win_ratio","Mean_gain","Mean_loss","Payoff_ratio","Profit_factor","Cum_Profit","Buy_hold"
"xgb_test_result",1242,167,0.497005988023952,1.63688286010563,2.40789754873917,0.679797552417768,0.671704724412794,-66.402116705323,32.4699935913082
"svm_test_result",1242,90,0.611111111111111,1.63141102675002,3.33757381877357,0.48880148135555,0.768116613558722,-27.0874771858238,32.4699935913082
"lr_test_result",1242,162,0.530864197530864,1.81147969811465,2.54173941156487,0.712692925904385,0.806468310891804,-37.3849412410696,32.4699935913082
"nn_test_result",1242,148,0.506756756756757,2.33693633135475,2.38623701816722,0.979339568350869,1.00617078940158,1.07492252539917,32.4699935913082
