"","Train_size","N_trade","Win_ratio","Mean_gain","Mean_loss","Payoff_ratio","Profit_factor","Cum_Profit","Buy_hold"
"xgb_test_result",1192,175,0.491428571428571,1.87363886779522,2.42638714946792,0.772192874581489,0.746163901280989,-54.8155136722562,32.4699935913082
"svm_test_result",1192,113,0.52212389380531,1.56708993706146,2.38126886739385,0.658090297370131,0.719024584163662,-36.1302125526421,32.4699935913082
"lr_test_result",1192,129,0.496124031007752,1.82005637038353,2.20304729295002,0.826154016851072,0.813443955053363,-26.7144663372048,32.4699935913082
"nn_test_result",1192,157,0.464968152866242,2.42316769088848,2.29363350355059,1.05647553854501,0.91812755135459,-15.7739728633903,32.4699935913082
