"","Train_size","N_trade","Win_ratio","Mean_gain","Mean_loss","Payoff_ratio","Profit_factor","Cum_Profit","Buy_hold"
"xgb_test_result",1192,189,0.566137566137566,1.55434662436016,2.48932812751217,0.624404074007538,0.814771169741543,-37.8098176494615,32.4699935913082
"svm_test_result",1192,114,0.5,1.42622210062936,2.48006744406183,0.575073917463113,0.575073917463113,-60.0691845756504,32.4699935913082
"lr_test_result",1192,134,0.574626865671642,1.82622098406015,2.63926040776574,0.691944219936271,0.934731665527946,-9.81882747001559,32.4699935913082
"nn_test_result",1192,143,0.496503496503497,1.92421641135423,2.05063674786883,0.938350691976045,0.925318043476378,-11.0264806404059,32.4699935913082
