"","Train_size","N_trade","Win_ratio","Mean_gain","Mean_loss","Payoff_ratio","Profit_factor","Cum_Profit","Buy_hold"
"xgb_test_result",1195,244,0.528688524590164,3.69015229242604,6.43814866719114,0.573169785785017,0.642946977097976,-264.357451004022,76.439987182617
"lr_test_result",1195,205,0.507317073170732,4.14414855758963,6.12401390998764,0.67670462845144,0.696804765930195,-187.53395491943,76.439987182617
"nn_test_result",1195,200,0.41,4.38818740292057,5.91345315657793,0.742068515083998,0.515674730821083,-337.95610543671,76.439987182617
