"","Train_size","N_trade","Win_ratio","Mean_gain","Mean_loss","Payoff_ratio","Profit_factor","Cum_Profit","Buy_hold"
"xgb_test_result",1235,172,0.517441860465116,3.20125817315606,4.93667920462362,0.648463884418054,0.695340791725384,-124.832396572871,228.489990234375
"svm_test_result",1235,70,0.585714285714286,3.56664981172155,4.45680361317599,0.800270804209812,1.13141734388284,16.9853374984796,228.489990234375
"lr_test_result",1235,127,0.598425196850394,4.33377391855342,5.46523532690895,0.792971145673343,1.18168249159165,50.6398161377034,228.489990234375
"nn_test_result",1235,95,0.557894736842105,4.9423151946157,5.03548969675694,0.981496436741545,1.23855502731671,50.4521380508406,228.489990234375
