"","Train_size","N_trade","Win_ratio","Mean_gain","Mean_loss","Payoff_ratio","Profit_factor","Cum_Profit","Buy_hold"
"xgb_test_result",1195,149,0.570469798657718,3.44924527770994,5.24192098386278,0.658011688525718,0.87392177382322,-42.2970943618728,228.489990234375
"svm_test_result",1195,44,0.545454545454545,2.60470931854261,4.92434909461963,0.528944895760645,0.634733874912774,-35.97395824737,228.489990234375
"lr_test_result",1195,132,0.53030303030303,3.72444514081683,4.37541947169147,0.851220132129872,0.961054987888565,-10.5648473876932,228.489990234375
"nn_test_result",1195,112,0.392857142857143,4.14743242021036,5.46234025387482,0.759277567388501,0.491297249486677,-188.952110774232,228.489990234375
