"","Train_size","N_trade","Win_ratio","Mean_gain","Mean_loss","Payoff_ratio","Profit_factor","Cum_Profit","Buy_hold"
"xgb_test_result",1192,167,0.550898203592814,3.22478357796878,4.35245180454515,0.740911955555998,0.908851998815358,-29.7537961677584,217.76000213623
"svm_test_result",1192,96,0.59375,2.19230880772106,3.89175132561721,0.563321914555622,0.823316644350524,-26.8166996589704,217.76000213623
"lr_test_result",1192,157,0.585987261146497,3.36922603979527,3.73967461133527,0.900940961436285,1.27517797618674,66.8899459243719,217.76000213623
"nn_test_result",1192,135,0.518518518518518,4.24310990070888,3.45509592197129,1.22807296715745,1.32254011847725,72.4364581214878,217.76000213623
