"","Train_size","N_trade","Win_ratio","Mean_gain","Mean_loss","Payoff_ratio","Profit_factor","Cum_Profit","Buy_hold"
"xgb_test_result",1215,240,0.4375,5.23879276322336,4.44107452458394,1.1796227994427,0.917484399566544,-49.4718206803792,-101.147001525853
"lr_test_result",1215,138,0.442028985507246,6.99341690732236,8.11138023407053,0.862173477942465,0.683020547460914,-197.977846676767,-101.147001525853
"nn_test_result",1215,199,0.447236180904523,5.10777546730136,6.48594485990217,0.78751447593688,0.637170803258021,-258.861917999418,-101.147001525853
