"","Train_size","N_trade","Win_ratio","Mean_gain","Mean_loss","Payoff_ratio","Profit_factor","Cum_Profit","Buy_hold"
"xgb_test_result",1215,159,0.459119496855346,4.45966438026951,4.39663625018097,1.01433553437266,0.86100574429307,-52.5552177558891,217.76000213623
"svm_test_result",1215,62,0.387096774193548,3.43667207409539,3.17678942654252,1.08180669621396,0.683246334450921,-38.2378684303262,217.76000213623
"lr_test_result",1215,110,0.5,6.21586764003406,4.46880323122891,1.39094681918333,1.39094681918333,96.0885424842831,217.76000213623
"nn_test_result",1215,145,0.489655172413793,4.53553800009062,4.67639330772194,0.969879499357179,0.93056006019405,-24.0299067649897,217.76000213623
