"","Train_size","N_trade","Win_ratio","Mean_gain","Mean_loss","Payoff_ratio","Profit_factor","Cum_Profit","Buy_hold"
"xgb_test_result",1242,159,0.553459119496855,1.36676579360531,1.75777100673189,0.777556227956252,0.963731662819017,-4.52635164069665,51.9899978637692
"svm_test_result",1242,140,0.457142857142857,1.46089775658245,1.58369266415643,0.922462918245956,0.77681087852291,-26.8631860546117,51.9899978637692
"lr_test_result",1242,158,0.493670886075949,1.1758159751012,1.65673577495575,0.70971846740776,0.691975505722566,-40.8252159385661,51.9899978637692
"nn_test_result",1242,130,0.546153846153846,1.55541697895423,1.98768534245896,0.782526764035006,0.941684749940431,-6.83882969932883,51.9899978637692
