"","Train_size","N_trade","Win_ratio","Mean_gain","Mean_loss","Payoff_ratio","Profit_factor","Cum_Profit","Buy_hold"
"xgb_test_result",1184,143,0.503496503496504,1.32349968606632,1.98678358268199,0.666151913878667,0.675534335200902,-45.7696569736461,51.9899978637692
"svm_test_result",1184,94,0.468085106382979,0.952156168504194,1.27764361315918,0.745243946510117,0.655814672928903,-21.9873092437746,51.9899978637692
"lr_test_result",1184,153,0.516339869281046,1.05640549532734,1.50870250358581,0.700207955389828,0.747519303726979,-28.1879511344905,51.9899978637692
"nn_test_result",1184,147,0.503401360544218,1.43083694110044,1.55149282257395,0.922232394685956,0.934865715161106,-7.37704240646521,51.9899978637692
