"","Train_size","N_trade","Win_ratio","Mean_gain","Mean_loss","Payoff_ratio","Profit_factor","Cum_Profit","Buy_hold"
"xgb_test_result",1215,262,0.385496183206107,1.56622295754307,1.75206891971613,0.893927710216347,0.560786948645038,-123.894577362447,40.4800033569332
"lr_test_result",1215,161,0.428571428571429,1.96965152077055,1.91837423949032,1.02672955058751,0.770047162940635,-40.5844750999408,40.4800033569332
"nn_test_result",1215,222,0.45045045045045,1.81445336874004,2.08197761055057,0.871504746038174,0.714348152490306,-72.5559316131657,40.4800033569332
