"","Train_size","N_trade","Win_ratio","Mean_gain","Mean_loss","Payoff_ratio","Profit_factor","Cum_Profit","Buy_hold"
"xgb_test_result",1232,161,0.565217391304348,3.21069273249863,4.14107919792172,0.775327536384714,1.00792579730013,2.29749480285518,101.689998626709
"svm_test_result",1232,36,0.638888888888889,1.6013335418203,2.18608147489105,0.732513202372803,1.29598489650573,8.41161228828334,101.689998626709
"lr_test_result",1232,101,0.564356435643564,2.41591688089877,3.88407480317901,0.622005755121249,0.805780182770709,-33.1920291286462,101.689998626709
"nn_test_result",1232,111,0.585585585585586,2.71020983143144,3.47552961435729,0.779797651625714,1.10188798599286,16.2892767826083,101.689998626709
