"","Train_size","N_trade","Win_ratio","Mean_gain","Mean_loss","Payoff_ratio","Profit_factor","Cum_Profit","Buy_hold"
"xgb_test_result",1170,156,0.506410256410256,2.69961040077209,4.22262956430504,0.63931973185443,0.655925439175324,-111.873254790493,101.689998626709
"svm_test_result",1170,51,0.725490196078431,1.73187086545578,3.23255015460429,0.535759936466564,1.41593697494735,18.8235198574037,101.689998626709
"lr_test_result",1170,124,0.604838709677419,2.63538623560079,4.8253389812081,0.546155668205714,0.835952553376093,-38.7876424091378,101.689998626709
"nn_test_result",1170,127,0.448818897637795,4.25296187978379,4.12111575594224,1.03199282224758,0.840337012401597,-46.0592757682812,101.689998626709
