"","Train_size","N_trade","Win_ratio","Mean_gain","Mean_loss","Payoff_ratio","Profit_factor","Cum_Profit","Buy_hold"
"xgb_test_result",1195,156,0.512820512820513,2.06949627880572,4.27434961650249,0.484166356166976,0.509648795965238,-159.290868549731,101.689998626709
"svm_test_result",1195,38,0.736842105263158,1.64054565837041,2.57373191658018,0.637419013146586,1.78477323681044,20.1979592685697,101.689998626709
"lr_test_result",1195,123,0.59349593495935,2.50168654643542,4.67297189469917,0.535352363080385,0.781614450097362,-51.0254768451726,101.689998626709
"nn_test_result",1195,128,0.5859375,2.94208321153776,4.22761594818406,0.69592017051632,0.984792694126867,-3.40740438842291,101.689998626709
