"","Train_size","N_trade","Win_ratio","Mean_gain","Mean_loss","Payoff_ratio","Profit_factor","Cum_Profit","Buy_hold"
"xgb_test_result",1169,159,0.628930817610063,3.41994169847492,5.75463996805734,0.594292904066669,1.00727610858758,2.47041173210917,101.689998626709
"svm_test_result",1169,33,0.757575757575758,1.48600577186583,3.62232222862242,0.410235665983522,1.28198645619851,8.17156646766647,101.689998626709
"lr_test_result",1169,144,0.631944444444444,2.29466853171966,5.13716551342374,0.446679891026199,0.766940944969511,-63.454935824969,101.689998626709
"nn_test_result",1169,105,0.571428571428571,3.62451763159431,4.00165685472272,0.905754232104307,1.20767230947241,37.3964994331364,101.689998626709
