"","Train_size","N_trade","Win_ratio","Mean_gain","Mean_loss","Payoff_ratio","Profit_factor","Cum_Profit","Buy_hold"
"xgb_test_result",1215,202,0.366336633663366,4.98942161715736,5.31919113497731,0.938003822488819,0.542283459876348,-311.639265607452,459.849967956543
"lr_test_result",1215,112,0.571428571428571,3.31846627750397,3.61340088895158,0.918377556072062,1.22450340809608,38.9385990905782,459.849967956543
"nn_test_result",1215,200,0.49,6.40125892250682,6.91838660254387,0.925253139243924,0.888968702410829,-78.3520590538061,459.849967956543
