"","Train_size","N_trade","Win_ratio","Mean_gain","Mean_loss","Payoff_ratio","Profit_factor","Cum_Profit","Buy_hold"
"xgb_test_result",1209,139,0.611510791366906,2.54515114361922,3.89290033644204,0.653793039547833,1.02911867336233,6.12122903976363,288.110008239746
"svm_test_result",1209,18,0.722222222222222,1.88657090771013,0.885051045532367,2.13159559240488,5.5421485402527,20.1001665725698,288.110008239746
"lr_test_result",1209,105,0.657142857142857,3.56947572869565,5.149146470409,0.693216972795129,1.328665864524,60.9245523452757,288.110008239746
"nn_test_result",1209,88,0.522727272727273,2.97068806756056,2.74835370583313,1.08089728816766,1.18383988704077,21.2207954627942,288.110008239746
