"","Train_size","N_trade","Win_ratio","Mean_gain","Mean_loss","Payoff_ratio","Profit_factor","Cum_Profit","Buy_hold"
"xgb_test_result",1169,166,0.596385542168675,3.21708333471274,4.25615760435415,0.755865650139832,1.11687610990811,33.328690644833,288.110008239746
"svm_test_result",1169,26,0.807692307692308,1.77188935699457,1.24763195678709,1.42020196529555,5.96484825424133,30.9715167129504,288.110008239746
"lr_test_result",1169,102,0.607843137254902,3.13108785810167,4.72182871496205,0.663109156878181,1.02781919316118,5.25429860382158,288.110008239746
"nn_test_result",1169,101,0.504950495049505,3.57660029292381,3.3544460535278,1.06622680342776,1.08755133949631,14.6843122627243,288.110008239746
