"","Train_size","N_trade","Win_ratio","Mean_gain","Mean_loss","Payoff_ratio","Profit_factor","Cum_Profit","Buy_hold"
"xgb_test_result",1181,175,0.571428571428571,0.96296477820014,1.30819120084635,0.736104001905179,0.981472002540238,-1.81786224346229,55.0999984741211
"svm_test_result",1181,107,0.570093457943925,0.663119054047001,0.751165216168122,0.882787221471375,1.17065261977726,5.89666235313348,55.0999984741211
"lr_test_result",1181,159,0.578616352201258,0.904445478851895,1.13395264350835,0.797604277418163,1.09521781376822,7.23415693931478,55.0999984741211
"nn_test_result",1181,88,0.545454545454545,0.823113191119826,0.874067518725396,0.941704357485022,1.13004522898203,4.54673242473584,55.0999984741211
