"","Train_size","N_trade","Win_ratio","Mean_gain","Mean_loss","Payoff_ratio","Profit_factor","Cum_Profit","Buy_hold"
"xgb_test_result",1215,140,0.521428571428571,1.2895539998956,1.44673910216146,0.891352143568231,0.971174723589267,-2.79407785243934,55.0999984741211
"svm_test_result",1215,75,0.52,1.12595605028593,1.32056952983537,0.852629130725357,0.923681558285803,-3.62821711292227,55.0999984741211
"lr_test_result",1215,103,0.533980582524272,1.44664677668831,1.5876133748293,0.911208484146123,1.04409305475077,3.36013072605102,55.0999984741211
"nn_test_result",1215,135,0.518518518518518,1.02805311865125,1.18721041393574,0.865940111865377,0.932550889701175,-5.20495860023525,55.0999984741211
