"","Train_size","N_trade","Win_ratio","Mean_gain","Mean_loss","Payoff_ratio","Profit_factor","Cum_Profit","Buy_hold"
"xgb_test_result",1215,234,0.495726495726496,1.22803372873932,1.74656712215553,0.703112816657017,0.691195650273,-63.6430078805921,11.310001373291
"lr_test_result",1215,178,0.51685393258427,1.53835657082641,1.8841152367481,0.816487516698576,0.87345176204964,-20.5051058443072,11.310001373291
"nn_test_result",1215,210,0.447619047619048,1.18190457794108,1.43137727853841,0.825711428888921,0.669110985478953,-54.9407339839935,11.310001373291
