"","Train_size","N_trade","Win_ratio","Mean_gain","Mean_loss","Payoff_ratio","Profit_factor","Cum_Profit","Buy_hold"
"xgb_test_result",1215,297,0.441077441077441,2.30636719688239,2.77043503577908,0.832492791600078,0.6569672030097,-157.758113147734,7.76999664306641
"lr_test_result",1215,168,0.446428571428571,3.39675064525353,4.32648125065631,0.7851069838193,0.633150793402661,-147.606457917022,7.76999664306641
"nn_test_result",1215,235,0.497872340425532,2.40974071795471,2.83812353346873,0.849061251047639,0.841865816716726,-52.9589129486097,7.76999664306641
