"","Train_size","N_trade","Win_ratio","Mean_gain","Mean_loss","Payoff_ratio","Profit_factor","Cum_Profit","Buy_hold"
"xgb_test_result",1215,184,0.489130434782609,2.09998046310421,2.65406006787076,0.791233208519254,0.757563710284392,-60.4834047004724,107.800003051758
"svm_test_result",1215,90,0.566666666666667,1.7872977997574,2.32059447672921,0.770189629286946,1.00717105368293,0.649003195188484,107.800003051758
"lr_test_result",1215,102,0.529411764705882,3.48112256016205,3.7483821252346,0.928700021464374,1.04478752414742,8.05827623748984,107.800003051758
"nn_test_result",1215,139,0.532374100719424,2.36629316399034,2.33648501868615,1.01275768732339,1.15298567479894,23.2341679206853,107.800003051758
