"","Train_size","N_trade","Win_ratio","Mean_gain","Mean_loss","Payoff_ratio","Profit_factor","Cum_Profit","Buy_hold"
"xgb_test_result",1223,191,0.481675392670157,1.93511033908177,2.47270227602567,0.782589298292731,0.72725470144375,-66.7673741310187,107.800003051758
"svm_test_result",1223,82,0.573170731707317,1.8148580819313,3.10742838880265,0.584038585883743,0.784280386758169,-23.4616637573218,107.800003051758
"lr_test_result",1223,173,0.549132947976879,2.01464526816121,2.34887366751646,0.857706949514812,1.04464307953727,8.17915440903131,107.800003051758
"nn_test_result",1223,100,0.48,2.29409627607667,3.09775667724613,0.740566969939065,0.683600279943753,-50.9667259651183,107.800003051758
