"","Train_size","N_trade","Win_ratio","Mean_gain","Mean_loss","Payoff_ratio","Profit_factor","Cum_Profit","Buy_hold"
"xgb_test_result",1227,158,0.506329113924051,2.0159895745087,2.63987580553689,0.763668340109163,0.783249579599141,-44.6311468711817,154.790008544922
"svm_test_result",1227,76,0.5,1.84346900427971,2.58555006820279,0.712989095415623,0.712989095415623,-28.1990804290771,154.790008544922
"lr_test_result",1227,147,0.517006802721088,2.26822628455921,2.95125217385089,0.768564036871018,0.822688264819681,-37.1537067169135,154.790008544922
"nn_test_result",1227,134,0.514925373134328,3.33973919656732,2.69478410021265,1.23933460803178,1.31560135314143,55.2810380493228,154.790008544922
