"","Train_size","N_trade","Win_ratio","Mean_gain","Mean_loss","Payoff_ratio","Profit_factor","Cum_Profit","Buy_hold"
"xgb_test_result",1215,153,0.509803921568627,4.45259929013371,4.97468486946613,0.895051527276249,0.930853588367299,-25.7986205795307,116.770004272461
"lr_test_result",1215,207,0.396135265700483,4.07650684290631,3.12805825325316,1.30320681805295,0.854903672642732,-56.7337205383281,116.770004272461
"nn_test_result",1215,189,0.444444444444444,3.21259630835392,3.48737894306725,0.921206545316909,0.736965236253528,-96.3166991203323,116.770004272461
