"","Train_size","N_trade","Win_ratio","Mean_gain","Mean_loss","Payoff_ratio","Profit_factor","Cum_Profit","Buy_hold"
"xgb_test_result",1181,170,0.582352941176471,2.03877201402455,3.24804617626565,0.627691819445919,0.875232255283746,-28.7728491264312,154.790008544922
"svm_test_result",1181,81,0.567901234567901,1.92123556671146,2.95068239142284,0.651115678290617,0.855752034324811,-14.8970476310721,154.790008544922
"lr_test_result",1181,141,0.567375886524823,2.40689573460584,3.30600332959281,0.728037903973401,0.954803808489706,-9.11454433669479,154.790008544922
"nn_test_result",1181,150,0.62,2.81149294622276,3.02304044813188,0.930021610514724,1.5174036803135,89.1555384551996,154.790008544922
