"","Train_size","N_trade","Win_ratio","Mean_gain","Mean_loss","Payoff_ratio","Profit_factor","Cum_Profit","Buy_hold"
"xgb_test_result",1198,165,0.454545454545455,2.24133056560264,2.46300688446046,0.909997686057471,0.758331405047892,-53.5708271812434,80.280006408691
"svm_test_result",1198,93,0.612903225806452,1.87268358542454,2.31056652596795,0.810486763474613,1.2832707088348,23.5625694343529,80.280006408691
"lr_test_result",1198,131,0.541984732824427,2.06852970521952,2.78877393699649,0.741734451035256,0.87771910039172,-20.4608271492033,80.280006408691
"nn_test_result",1198,139,0.532374100719424,2.10196777487056,2.92008016333952,0.71983221599871,0.819501292060069,-34.2595952766472,80.280006408691
