"","Train_size","N_trade","Win_ratio","Mean_gain","Mean_loss","Payoff_ratio","Profit_factor","Cum_Profit","Buy_hold"
"xgb_test_result",1350,169,0.49112426035503,2.10919343549426,2.94006775671497,0.717396199688584,0.692370750862238,-77.7827719314637,80.280006408691
"svm_test_result",1350,89,0.606741573033708,1.92942741163745,2.80331581346795,0.688266160511747,1.06189636193241,6.07302675704416,80.280006408691
"lr_test_result",1350,117,0.547008547008547,3.16658203986879,4.01993485150607,0.787719740951132,0.951208743790046,-10.3952965782192,80.280006408691
"nn_test_result",1350,144,0.513888888888889,2.59268881564794,3.2880049139732,0.788529483222382,0.833588310835089,-38.3013716201764,80.280006408691
