"","Train_size","N_trade","Win_ratio","Mean_gain","Mean_loss","Payoff_ratio","Profit_factor","Cum_Profit","Buy_hold"
"xgb_test_result",1206,273,0.527472527472527,2.39796333479878,3.41651208823158,0.701874681801577,0.783488016894784,-95.4233391708492,56.159996032714
"lr_test_result",1206,221,0.588235294117647,2.19988471909745,4.15305097558998,0.529703278873174,0.75671896981882,-91.9426252960201,56.159996032714
"nn_test_result",1206,226,0.415929203539823,3.50013873753652,3.58107309859882,0.977399411060899,0.696026853331246,-143.688607686612,56.159996032714
