"","Train_size","N_trade","Win_ratio","Mean_gain","Mean_loss","Payoff_ratio","Profit_factor","Cum_Profit","Buy_hold"
"xgb_test_result",1206,173,0.531791907514451,2.20438615764114,2.9153217787661,0.756138198430412,0.858823632785159,-33.337537577069,80.280006408691
"svm_test_result",1206,123,0.51219512195122,2.10324086528958,3.39420426330568,0.619656538655453,0.650639365588226,-71.1480812850972,80.280006408691
"lr_test_result",1206,134,0.58955223880597,2.04308182036,3.7712617532211,0.541750202996375,0.778150291576612,-46.0159326187208,80.280006408691
"nn_test_result",1206,145,0.455172413793103,3.28594809865085,3.46321026761021,0.948815649278588,0.792681428511226,-56.7210366302501,80.280006408691
