"","Train_size","N_trade","Win_ratio","Mean_gain","Mean_loss","Payoff_ratio","Profit_factor","Cum_Profit","Buy_hold"
"xgb_test_result",1220,264,0.53030303030303,5.44880042630876,7.7877917580758,0.699659235322831,0.789937846332229,-202.854118318172,168.749984741211
"lr_test_result",1220,248,0.544354838709677,6.01573325043853,8.83724882149486,0.680724665781329,0.813255131685658,-186.485128019718,168.749984741211
"nn_test_result",1220,216,0.490740740740741,6.6251255813599,9.03555530833856,0.733228380025059,0.706565529842329,-291.647772293092,168.749984741211
