"","Train_size","N_trade","Win_ratio","Mean_gain","Mean_loss","Payoff_ratio","Profit_factor","Cum_Profit","Buy_hold"
"xgb_test_result",1220,163,0.588957055214724,5.40878210957844,8.52618529642586,0.634373042754041,0.908952419468477,-52.0113323410023,164.789993286133
"svm_test_result",1220,136,0.558823529411765,4.4102503361953,7.52864103477488,0.58579633639382,0.742008692765505,-116.53943653565,164.789993286133
"lr_test_result",1220,158,0.556962025316456,5.76508680496215,8.11999659260345,0.70998635765606,0.89255427819619,-61.0721226455727,164.789993286133
"nn_test_result",1220,139,0.489208633093525,5.86868678880581,8.6979051270392,0.674724166691794,0.646214694859747,-218.480562380988,164.789993286133
