"","Train_size","N_trade","Win_ratio","Mean_gain","Mean_loss","Payoff_ratio","Profit_factor","Cum_Profit","Buy_hold"
"xgb_test_result",1186,170,0.529411764705882,6.11320236367122,7.0344508065415,0.869037616694456,0.977667318781263,-12.5678517929101,164.789993286133
"svm_test_result",1186,139,0.568345323741007,4.53873309374458,8.14400314524343,0.557309840480043,0.73379128996539,-130.080274308784,164.789993286133
"lr_test_result",1186,153,0.601307189542484,4.95849918722065,8.23737727466024,0.601951206298872,0.907860835729447,-46.298088529975,164.789993286133
"nn_test_result",1186,141,0.531914893617021,5.79710521797692,7.96244819659612,0.72805562747085,0.827335940307784,-90.7386896270745,164.789993286133
