"","Train_size","N_trade","Win_ratio","Mean_gain","Mean_loss","Payoff_ratio","Profit_factor","Cum_Profit","Buy_hold"
"xgb_test_result",1240,172,0.517441860465116,5.74589185146374,7.58540167798881,0.757493418988881,0.812251979397716,-118.203964492798,164.789993286133
"svm_test_result",1240,136,0.529411764705882,4.75945406487781,7.36828484551912,0.645937849128103,0.726680080269116,-128.889537442021,164.789993286133
"lr_test_result",1240,163,0.56441717791411,5.80778674183723,7.82973643463569,0.741760184435564,0.961154041803829,-21.5949066101095,164.789993286133
"nn_test_result",1240,155,0.483870967741935,6.69121847261555,9.15811609210968,0.73063263288183,0.684968093326715,-230.807901922608,164.789993286133
