"","Train_size","N_trade","Win_ratio","Mean_gain","Mean_loss","Payoff_ratio","Profit_factor","Cum_Profit","Buy_hold"
"xgb_test_result",1142,271,0.472324723247232,2.90299773955348,3.76545991091425,0.770954361016855,0.690085022448653,-166.877056597893,68.169998168946
"lr_test_result",1142,258,0.558139534883721,2.4501103299565,3.8595293277406,0.634821016217234,0.801879178379663,-87.1704558486917,68.169998168946
"nn_test_result",1142,207,0.473429951690821,3.35543749711959,3.36010014432857,0.998612348737031,0.897834955745221,-37.4180410140942,68.169998168946
