"","Train_size","N_trade","Win_ratio","Mean_gain","Mean_loss","Payoff_ratio","Profit_factor","Cum_Profit","Buy_hold"
"xgb_test_result",1138,180,0.466666666666667,2.23047046452484,2.96038976680436,0.753438107892311,0.659258344405772,-96.8378985931322,108.559997558594
"svm_test_result",1138,105,0.514285714285714,2.74199277999312,3.47461400412762,0.789150327701382,0.835570935213228,-29.13770409088,108.559997558594
"lr_test_result",1138,142,0.612676056338028,2.76170777540535,3.44441402765445,0.801793208723514,1.2682910756172,50.8258049392703,108.559997558594
"nn_test_result",1138,118,0.533898305084746,2.87834518253386,4.9726150164518,0.578839337654516,0.663034150404264,-92.1580794052157,108.559997558594
