"","Train_size","N_trade","Win_ratio","Mean_gain","Mean_loss","Payoff_ratio","Profit_factor","Cum_Profit","Buy_hold"
"xgb_test_result",1260,179,0.486033519553073,2.43116436935959,3.66032738710492,0.6641931478382,0.628095694151341,-125.238819479368,108.559997558594
"svm_test_result",1260,106,0.556603773584906,2.93955458800756,3.92608268741038,0.748724574098685,0.939888295145158,-11.092165615842,108.559997558594
"lr_test_result",1260,121,0.570247933884298,2.99483390208805,3.95953218668425,0.756360539803049,1.00363225473866,0.747865536494203,108.559997558594
"nn_test_result",1260,134,0.514925373134328,3.19797063395187,3.86018079636799,0.828450998191799,0.879432598080525,-30.2517780212399,108.559997558594
