"","Train_size","N_trade","Win_ratio","Mean_gain","Mean_loss","Payoff_ratio","Profit_factor","Cum_Profit","Buy_hold"
"xgb_test_result",1142,166,0.506024096385542,2.65833498071948,3.52973901806343,0.753125080102371,0.771493984495112,-66.1384611007645,108.559997558594
"svm_test_result",1142,105,0.561904761904762,3.15304636137366,3.72450280002095,0.846568396016759,1.08581598619541,14.7026065200825,108.559997558594
"lr_test_result",1142,162,0.549382716049383,2.60552309882351,3.1378931168648,0.830341570533416,1.01233424352704,2.82535826416236,108.559997558594
"nn_test_result",1142,122,0.491803278688525,3.50498496973684,3.01821789282527,1.16127632072843,1.12381579425332,23.1695888290435,108.559997558594
