"","Train_size","N_trade","Win_ratio","Mean_gain","Mean_loss","Payoff_ratio","Profit_factor","Cum_Profit","Buy_hold"
"xgb_test_result",1201,189,0.481481481481481,3.12240675727923,3.39473970218586,0.919777959785468,0.854079534086506,-48.5454759018037,61.419998168945
"svm_test_result",1201,135,0.533333333333333,2.86521858045781,2.99831696438264,0.955608968129148,1.09212453500474,17.4017690368563,61.419998168945
"lr_test_result",1201,168,0.589285714285714,3.56766718478727,3.21981716043227,1.10803409231731,1.58978804549875,131.031667224114,61.419998168945
"nn_test_result",1201,129,0.472868217054264,3.67127559912001,4.0356236703536,0.909717034838963,0.816069693017305,-50.4745980377243,61.419998168945
