"","Train_size","N_trade","Win_ratio","Mean_gain","Mean_loss","Payoff_ratio","Profit_factor","Cum_Profit","Buy_hold"
"xgb_test_result",1218,297,0.508417508417508,3.61778338419932,4.36190467515715,0.829404504138775,0.857808767979143,-90.5527915588468,195.849990844727
"lr_test_result",1218,283,0.526501766784452,3.62461491210726,4.23434738742206,0.856003199660476,0.951824453353813,-27.3349280105741,195.849990844727
"nn_test_result",1218,216,0.453703703703704,4.61258953651893,4.62717378784438,0.996848129766865,0.827890819636888,-93.9727323867816,195.849990844727
