"","Train_size","N_trade","Win_ratio","Mean_gain","Mean_loss","Payoff_ratio","Profit_factor","Cum_Profit","Buy_hold"
"xgb_test_result",1218,189,0.523809523809524,3.54141561390268,3.90739032919999,0.906337815149315,0.996971596664247,-1.06498385163357,61.419998168945
"svm_test_result",1218,152,0.526315789473684,3.13751373682018,3.50156538454694,0.896031743592914,0.995590826214349,-1.11160874176463,61.419998168945
"lr_test_result",1218,174,0.563218390804598,3.41189776158226,3.87243731753703,0.881072431083872,1.13611971376605,40.0607445022471,61.419998168945
"nn_test_result",1218,144,0.451388888888889,4.08545340965852,4.77710990015344,0.855214448704078,0.703657457794494,-111.837210484318,61.419998168945
