"","Train_size","N_trade","Win_ratio","Mean_gain","Mean_loss","Payoff_ratio","Profit_factor","Cum_Profit","Buy_hold"
"xgb_test_result",1281,176,0.482954545454545,3.20049073814839,4.12524791199405,0.775829915298678,0.724676294509754,-103.355847248845,61.419998168945
"svm_test_result",1281,144,0.541666666666667,2.85556469221843,3.5884436295481,0.795766908167382,0.940451800561452,-14.103233557137,61.419998168945
"lr_test_result",1281,154,0.590909090909091,3.34137063077141,3.380220668054,0.988506656488507,1.42784294826118,91.1108253127961,61.419998168945
"nn_test_result",1281,158,0.493670886075949,4.00384415735086,4.97868846876144,0.804196563507197,0.784091649419517,-85.9952332275482,61.419998168945
