"","Train_size","N_trade","Win_ratio","Mean_gain","Mean_loss","Payoff_ratio","Profit_factor","Cum_Profit","Buy_hold"
"xgb_test_result",1233,160,0.55,2.3429054609645,2.60016881953341,0.901058978695439,1.10129430729443,18.9635255584704,126.559997558594
"svm_test_result",1233,43,0.604651162790698,2.49298262493432,3.66037874863574,0.681072314132376,1.04164000984952,2.59110952148463,126.559997558594
"lr_test_result",1233,117,0.675213675213675,3.16305362281309,4.14797687799559,0.762553340061423,1.58530825960138,92.2581148384017,126.559997558594
"nn_test_result",1233,107,0.542056074766355,4.89985100681701,4.21439215975387,1.16264714366381,1.37619457821431,77.6861425674466,126.559997558594
