"","Train_size","N_trade","Win_ratio","Mean_gain","Mean_loss","Payoff_ratio","Profit_factor","Cum_Profit","Buy_hold"
"xgb_test_result",1183,155,0.535483870967742,2.65597489203022,2.94426298128764,0.902084803195353,1.03990331479464,8.45898138579858,126.559997558594
"svm_test_result",1183,35,0.542857142857143,2.20365339347438,2.50820342774384,0.878578415569983,1.04331186848935,1.73815963211183,126.559997558594
"lr_test_result",1183,131,0.595419847328244,2.79800453538159,3.52735742904377,0.793229660352312,1.16739459448076,31.2944100204445,126.559997558594
"nn_test_result",1183,138,0.492753623188406,3.42595376463498,3.95949246626713,0.865250734487404,0.840529284930621,-44.1996166435207,126.559997558594
