"","Train_size","N_trade","Win_ratio","Mean_gain","Mean_loss","Payoff_ratio","Profit_factor","Cum_Profit","Buy_hold"
"xgb_test_result",1149,175,0.594285714285714,2.73545012611247,3.1853836705275,0.858750596175272,1.25788819721448,58.3245725082439,126.559997558594
"svm_test_result",1149,86,0.569767441860465,2.7190118012876,3.6061640957601,0.753990037359765,0.998527346773742,-0.196493280031348,126.559997558594
"lr_test_result",1149,120,0.658333333333333,3.23935860460497,4.06943024068692,0.796022640274617,1.53379972150475,89.0626898956291,126.559997558594
"nn_test_result",1149,130,0.461538461538462,4.38089579172772,4.0278896550315,1.08764046856528,0.932263258770243,-19.098528348542,126.559997558594
