"","Train_size","N_trade","Win_ratio","Mean_gain","Mean_loss","Payoff_ratio","Profit_factor","Cum_Profit","Buy_hold"
"xgb_test_result",1210,172,0.633720930232558,5.51373320109517,8.50321676524329,0.648429100811876,1.12188526965864,65.2942627090467,438.830001831055
"svm_test_result",1210,46,0.717391304347826,3.90368779301498,11.166623302753,0.349585339021203,0.88740893751536,-16.3444057662951,438.830001831055
"lr_test_result",1210,115,0.591304347826087,4.95018593736541,7.42571921786047,0.666627136326288,0.964481814259311,-12.3961594985943,438.830001831055
"nn_test_result",1210,123,0.577235772357724,7.10762679146781,8.96446249222394,0.792867034429916,1.08256845085623,38.4894525985698,438.830001831055
