"","Train_size","N_trade","Win_ratio","Mean_gain","Mean_loss","Payoff_ratio","Profit_factor","Cum_Profit","Buy_hold"
"xgb_test_result",1182,293,0.532423208191126,4.87265145394745,7.83082197397054,0.622240100738342,0.708536173103514,-312.688983618161,67.40998840332
"lr_test_result",1182,155,0.496774193548387,4.58586728414566,7.54437739588413,0.607852317495079,0.600059339065655,-235.349655999747,67.40998840332
"nn_test_result",1182,204,0.558823529411765,6.9303790877894,10.3182247537401,0.671663900835005,0.850774274391006,-138.57701182862,67.40998840332
