"","Train_size","N_trade","Win_ratio","Mean_gain","Mean_loss","Payoff_ratio","Profit_factor","Cum_Profit","Buy_hold"
"xgb_test_result",1206,161,0.608695652173913,4.96938898365255,7.87953018982906,0.630670720707062,0.981043343322097,-9.41028156128107,438.830001831055
"svm_test_result",1206,46,0.630434782608696,4.20459647222071,8.41156533966073,0.499858980158656,0.852700613211825,-21.0633130798318,438.830001831055
"lr_test_result",1206,145,0.579310344827586,5.56946539184938,7.16137872694675,0.777708539682821,1.07094290710421,30.9909905715961,438.830001831055
"nn_test_result",1206,123,0.577235772357724,6.67340738965959,6.38523732698875,1.04513067375786,1.42700534301554,141.779583662416,438.830001831055
