"","Train_size","N_trade","Win_ratio","Mean_gain","Mean_loss","Payoff_ratio","Profit_factor","Cum_Profit","Buy_hold"
"xgb_test_result",1298,158,0.575949367088608,5.83432723993996,7.00707436887829,0.832633840144889,1.13089073810724,61.4497961196906,438.830001831055
"svm_test_result",1298,38,0.763157894736842,4.76261390922815,15.4131320132786,0.308997152890477,0.995657492647091,-0.602384751891151,438.830001831055
"lr_test_result",1298,145,0.6,5.69997088393292,7.21506165621526,0.790010003451987,1.18501500517798,77.4238908416787,438.830001831055
"nn_test_result",1298,111,0.558558558558559,5.62005799467031,6.22463682886246,0.90287323569002,1.1424110329139,43.4363910552989,438.830001831055
