"","Train_size","N_trade","Win_ratio","Mean_gain","Mean_loss","Payoff_ratio","Profit_factor","Cum_Profit","Buy_hold"
"xgb_test_result",2427,203,0.374384236453202,2.50967707657565,1.60341907436042,1.56520345598154,0.936657186256671,-12.8987646240236,139.367496490479
"svm_test_result",2427,67,0.447761194029851,1.21974166594187,0.981179421110409,1.24313824739769,1.00794993032245,0.288611397170975,139.367496490479
"lr_test_result",2427,180,0.405555555555556,1.8042884949462,1.4125962940109,1.27728530974914,0.871418949641937,-19.4347433280938,139.367496490479
"nn_test_result",2427,106,0.471698113207547,1.97885685486604,1.78738405496052,1.1071245988651,0.98850410612955,-1.1506643344874,139.367496490479
