"","Train_size","N_trade","Win_ratio","Mean_gain","Mean_loss","Payoff_ratio","Profit_factor","Cum_Profit","Buy_hold"
"xgb_test_result",2427,311,0.411575562700965,9.38872774095533,8.95972369840034,1.04788139199332,0.732944361612817,-437.872285964981,396.720001220703
"lr_test_result",2427,247,0.421052631578947,10.6966744726035,9.22806511441748,1.15914596830179,0.843015249674032,-207.159166210941,396.720001220703
"nn_test_result",2427,197,0.436548223350254,12.5611968849892,10.1672851342691,1.23545240633129,0.95719735986028,-48.3057177948051,396.720001220703
