"","Train_size","N_trade","Win_ratio","Mean_gain","Mean_loss","Payoff_ratio","Profit_factor","Cum_Profit","Buy_hold"
"xgb_test_result",2427,293,0.368600682593857,1.90797774230818,1.36231383848032,1.40054199584183,0.817613705680638,-45.9664639495761,54.6199989318852
"lr_test_result",2427,305,0.340983606557377,2.17996609765564,1.53077081572687,1.42409698124569,0.7368461992515,-80.9684598049149,54.6199989318852
"nn_test_result",2427,265,0.384905660377359,2.38237322540657,1.54675361801334,1.54024092632575,0.963831745308138,-9.11877074470407,54.6199989318852
