"","Train_size","N_trade","Win_ratio","Mean_gain","Mean_loss","Payoff_ratio","Profit_factor","Cum_Profit","Buy_hold"
"xgb_test_result",2427,186,0.43010752688172,13.5249264148331,9.46210325238207,1.42937844304629,1.07877618343116,79.0111684341485,454.149963378906
"svm_test_result",2427,148,0.432432432432432,12.937781259203,10.3219191975003,1.25342787631356,0.954992667667475,-39.023212001035,454.149963378906
"lr_test_result",2427,184,0.434782608695652,12.7637573827172,9.41581270972028,1.3555661923416,1.04274322487815,41.8560688064634,454.149963378906
"nn_test_result",2427,159,0.452830188679245,13.9024380990347,10.4451195714841,1.33099846333873,1.10151596965964,92.2501404113762,454.149963378906
