"","Train_size","N_trade","Win_ratio","Mean_gain","Mean_loss","Payoff_ratio","Profit_factor","Cum_Profit","Buy_hold"
"xgb_test_result",2427,197,0.365482233502538,5.05780215954249,3.22713950614018,1.56727099957073,0.902748095752738,-39.2306827804624,100.31999206543
"svm_test_result",2427,182,0.346153846153846,5.67134222550164,3.036932577021,1.86745740370199,0.988653919606937,-4.10041645889588,100.31999206543
"lr_test_result",2427,191,0.356020942408377,5.33325161818337,3.26129345000974,1.63531791908129,0.904078199166892,-38.4779843147292,100.31999206543
"nn_test_result",2427,190,0.389473684210526,5.11830689660153,3.01782669750084,1.69602412916559,1.08194642722633,28.6868134384165,100.31999206543
