"","Train_size","N_trade","Win_ratio","Mean_gain","Mean_loss","Payoff_ratio","Profit_factor","Cum_Profit","Buy_hold"
"xgb_test_result",2427,199,0.376884422110553,2.55168224304198,1.66562965700707,1.53196254179758,0.926590247054989,-15.1619092407277,126.099998474121
"svm_test_result",2427,116,0.405172413793103,1.49980319872917,1.05262329195548,1.42482425592442,0.970532464180399,-2.14025680465685,126.099998474121
"lr_test_result",2427,205,0.375609756097561,2.21627008263723,1.5210203851402,1.45709426664452,0.876533269778345,-24.037812934879,126.099998474121
"nn_test_result",2427,161,0.434782608695652,2.61463726405553,1.80984480945461,1.44467484195148,1.11128833996267,18.3287308235181,126.099998474121
