"","Train_size","N_trade","Win_ratio","Mean_gain","Mean_loss","Payoff_ratio","Profit_factor","Cum_Profit","Buy_hold"
"xgb_test_result",2427,190,0.331578947368421,4.77394723791698,3.46518177493839,1.37769027658062,0.683421160823455,-139.319409428406,33.739990234375
"svm_test_result",2427,157,0.32484076433121,4.83668242989334,3.34009553425628,1.44806709277862,0.696711525770845,-107.379322706605,33.739990234375
"lr_test_result",2427,188,0.351063829787234,4.60204801041578,3.50370555677571,1.31348023851948,0.71057127657611,-123.716909239196,33.739990234375
"nn_test_result",2427,156,0.326923076923077,4.82925944770366,3.44221995920819,1.40294911566735,0.681432427609858,-115.140863883974,33.739990234375
