"","Train_size","N_trade","Win_ratio","Mean_gain","Mean_loss","Payoff_ratio","Profit_factor","Cum_Profit","Buy_hold"
"xgb_test_result",2427,194,0.350515463917526,57.9020866849991,41.9506527279802,1.38024280719665,0.744892943566444,-1348.44034914557,1913.92016601562
"svm_test_result",2427,87,0.35632183908046,71.2829346730866,34.4050520237506,2.07187405570201,1.14693028083504,283.088061535652,1913.92016601562
"lr_test_result",2427,167,0.329341317365269,80.8680644189435,51.4284865386956,1.57243718144607,0.772178973031552,-1312.24694929201,1913.92016601562
"nn_test_result",2427,154,0.357142857142857,71.0089233356253,49.4117130240383,1.43708685633061,0.798381586850338,-986.268805920397,1913.92016601562
