"","Train_size","N_trade","Win_ratio","Mean_gain","Mean_loss","Payoff_ratio","Profit_factor","Cum_Profit","Buy_hold"
"xgb_test_result",2427,304,0.351973684210526,7.80594766185437,5.2462423675537,1.48791213119158,0.808155319987303,-198.273346589662,162.230010986328
"lr_test_result",2427,271,0.383763837638376,6.87459899636775,5.84715698424926,1.17571650887536,0.732182736066095,-261.516920747381,162.230010986328
"nn_test_result",2427,210,0.4,8.96034683547247,6.71662129778181,1.33405568636595,0.889370457577299,-93.6251493408209,162.230010986328
