"","Train_size","N_trade","Win_ratio","Mean_gain","Mean_loss","Payoff_ratio","Profit_factor","Cum_Profit","Buy_hold"
"xgb_test_result",2427,296,0.35472972972973,3.72271500710622,2.75583070906393,1.35085039689202,0.742614092532261,-135.478589685058,29.349990844727
"lr_test_result",2427,279,0.372759856630824,3.47049998057438,2.73948532037353,1.26684379535247,0.752867169809467,-118.477933085633,29.349990844727
"nn_test_result",2427,284,0.362676056338028,3.87908266734888,2.71662685082367,1.42790411799573,0.812564221842872,-92.1639452621496,29.349990844727
