"","Train_size","N_trade","Win_ratio","Mean_gain","Mean_loss","Payoff_ratio","Profit_factor","Cum_Profit","Buy_hold"
"xgb_test_result",2427,307,0.338762214983713,0.900199353152056,0.726067898418635,1.23982805893592,0.63518284792776,-53.771050651169,5.8000030517578
"lr_test_result",2427,293,0.351535836177474,0.921855279400279,0.78279393452494,1.17764744812405,0.63840887977251,-53.7797537815098,5.8000030517578
"nn_test_result",2427,229,0.362445414847162,0.991038267075877,0.793640225271982,1.24872484473207,0.709891521320284,-33.6152967224116,5.8000030517578
