"","Train_size","N_trade","Win_ratio","Mean_gain","Mean_loss","Payoff_ratio","Profit_factor","Cum_Profit","Buy_hold"
"xgb_test_result",2427,184,0.369565217391304,7.15302871995809,5.23117479492713,1.36738476544402,0.801570379743044,-120.410323254398,272.34001159668
"svm_test_result",2427,60,0.45,6.17259526384121,5.126064713218,1.20415866930526,0.985220729431572,-2.5000634124813,272.34001159668
"lr_test_result",2427,172,0.38953488372093,7.13461552991723,5.62643638464065,1.26805228783777,0.809138126525052,-112.756579882813,272.34001159668
"nn_test_result",2427,104,0.375,11.4868398115891,7.48413583885786,1.53482513665092,0.920895081990553,-38.4820768737867,272.34001159668
