"","Train_size","N_trade","Win_ratio","Mean_gain","Mean_loss","Payoff_ratio","Profit_factor","Cum_Profit","Buy_hold"
"xgb_test_result",2427,299,0.31438127090301,1.34691382069283,1.11818859643704,1.20454977361117,0.55233014009488,-102.618763124467,7.9899978637695
"lr_test_result",2427,308,0.327922077922078,1.29996055843995,1.0614331384797,1.22472203977152,0.597569690903012,-88.4206432628638,7.9899978637695
"nn_test_result",2427,274,0.354014598540146,1.38620007929065,1.13676257383487,1.21942797132589,0.668274085980853,-66.745567877579,7.9899978637695
