"","Train_size","N_trade","Win_ratio","Mean_gain","Mean_loss","Payoff_ratio","Profit_factor","Cum_Profit","Buy_hold"
"xgb_test_result",2427,301,0.335548172757475,0.851039770473586,0.671905032526373,1.26660722762213,0.639636649949176,-48.4259896874424,-20.6600003242492
"lr_test_result",2427,303,0.33993399339934,0.879609730752696,0.655653592285036,1.34157692583845,0.690912116806802,-40.5309161894795,-20.6600003242492
"nn_test_result",2427,285,0.326315789473684,0.85825145828878,0.584498560850694,1.46835512655439,0.711234514424783,-32.4063380624767,-20.6600003242492
