"","Train_size","N_trade","Win_ratio","Mean_gain","Mean_loss","Payoff_ratio","Profit_factor","Cum_Profit","Buy_hold"
"xgb_test_result",2427,192,0.359375,2.36087467952122,1.73072867262303,1.36409289154675,0.765222841599396,-49.9792738456687,51.0200042724612
"svm_test_result",2427,185,0.302702702702703,2.60680763781414,1.71563191889087,1.51944459013061,0.659603853079956,-75.335289819331,51.0200042724612
"lr_test_result",2427,192,0.322916666666667,2.56127989215238,1.69375529589136,1.51219004207126,0.721198327757063,-61.3888351524295,51.0200042724612
"nn_test_result",2427,164,0.341463414634146,2.75885849328722,1.7639456672951,1.56402691105433,0.810976916842988,-36.0100564437858,51.0200042724612
