"","Train_size","N_trade","Win_ratio","Mean_gain","Mean_loss","Payoff_ratio","Profit_factor","Cum_Profit","Buy_hold"
"xgb_test_result",2427,309,0.346278317152104,3.16564181875777,2.31384875239665,1.36812823892609,0.724701591906396,-128.673773377043,80.7474994659424
"lr_test_result",2427,216,0.393518518518519,2.75350773979409,2.11562707615775,1.30150902813875,0.84449059077705,-43.0989890941673,80.7474994659424
"nn_test_result",2427,170,0.452941176470588,2.94265850999509,2.71580656248934,1.08353023025978,0.897116427204332,-25.9853050418866,80.7474994659424
