"","Train_size","N_trade","Win_ratio","Mean_gain","Mean_loss","Payoff_ratio","Profit_factor","Cum_Profit","Buy_hold"
"xgb_test_result",2427,185,0.335135135135135,1.58054411773989,0.915288254095876,1.72682661518601,0.870432927979938,-14.5867199539195,39.0899982452392
"svm_test_result",2427,104,0.355769230769231,1.29942091851621,0.567436117864012,2.28998626912856,1.2646192829516,10.0603540882108,39.0899982452392
"lr_test_result",2427,188,0.297872340425532,1.54934734697001,0.869870264173281,1.78112462373053,0.755628628249317,-28.0594234405523,39.0899982452392
"nn_test_result",2427,149,0.389261744966443,1.25645562431072,0.918656705082905,1.36770963229113,0.871727018383357,-10.7233339525226,39.0899982452392
