"","Train_size","N_trade","Win_ratio","Mean_gain","Mean_loss","Payoff_ratio","Profit_factor","Cum_Profit","Buy_hold"
"xgb_test_result",2427,188,0.404255319148936,2.37120633657354,1.66684311396059,1.42257319642958,0.965317526148643,-6.47474718399625,110.829999923706
"svm_test_result",2427,54,0.444444444444444,1.1534170184215,0.691526003812156,1.66793007358087,1.3343440588647,6.93622832775124,110.829999923706
"lr_test_result",2427,168,0.410714285714286,2.71735154716657,1.7064574938996,1.59239333934822,1.10984990318209,18.5579648584332,110.829999923706
"nn_test_result",2427,113,0.486725663716814,2.29778609314659,1.69760456615647,1.35354613138735,1.28353512459145,27.9171702859873,110.829999923706
