"","Train_size","N_trade","Win_ratio","Mean_gain","Mean_loss","Payoff_ratio","Profit_factor","Cum_Profit","Buy_hold"
"xgb_test_result",2427,309,0.288025889967638,1.21620532632464,1.01251633191022,1.20117107052499,0.485928296712382,-114.511318977356,13.2299995422363
"lr_test_result",2427,309,0.294498381877023,1.2051607114729,1.03297870953062,1.16668494747634,0.487010689084158,-115.51973393364,13.2299995422363
"nn_test_result",2427,291,0.278350515463918,1.30292661410202,0.982945515154887,1.32553289476753,0.511276973696049,-100.881502440262,13.2299995422363
