"","Train_size","N_trade","Win_ratio","Mean_gain","Mean_loss","Payoff_ratio","Profit_factor","Cum_Profit","Buy_hold"
"xgb_test_result",2427,311,0.372990353697749,1.92118509015051,1.53488138799031,1.25168309758841,0.744590970873108,-76.4444002006505,57.8199958801265
"lr_test_result",2427,288,0.375,1.93795861049227,1.51163716951157,1.28202630206457,0.769215781238742,-62.7951605789173,57.8199958801265
"nn_test_result",2427,208,0.375,2.33130273271219,1.85850174156774,1.25439900354659,0.752639402127957,-59.763613252256,57.8199958801265
