"","Train_size","N_trade","Win_ratio","Mean_gain","Mean_loss","Payoff_ratio","Profit_factor","Cum_Profit","Buy_hold"
"xgb_test_result",2427,289,0.328719723183391,1.47233991832532,1.08663680490514,1.35495126953099,0.663507064976518,-70.9352479106915,33.7200012207031
"lr_test_result",2427,271,0.357933579335793,1.45552127478688,1.0640056347003,1.36796387849662,0.762600552955014,-43.9514167835244,33.7200012207031
"nn_test_result",2427,233,0.386266094420601,1.52366651272244,1.09355734464739,1.39331194672167,0.876909616817833,-19.2487141395579,33.7200012207031
