"","Train_size","N_trade","Win_ratio","Mean_gain","Mean_loss","Payoff_ratio","Profit_factor","Cum_Profit","Buy_hold"
"xgb_test_result",2427,187,0.422459893048128,8.15078156890873,7.36916059245359,1.10606648703728,0.80906715255505,-151.957600041198,477.350021362305
"svm_test_result",2427,87,0.436781609195402,6.08792325037904,5.38576473055471,1.13037303984722,0.87661582682029,-32.5613882827769,477.350021362305
"lr_test_result",2427,173,0.421965317919075,7.59884053940447,7.86854718800353,0.965723450319996,0.704978118733597,-232.139359423827,477.350021362305
"nn_test_result",2427,138,0.442028985507246,10.6402437886472,7.49389475771428,1.41985497964113,1.12482017867674,72.0249747634793,477.350021362305
