"","Train_size","N_trade","Win_ratio","Mean_gain","Mean_loss","Payoff_ratio","Profit_factor","Cum_Profit","Buy_hold"
"xgb_test_result",2427,172,0.38953488372093,9.18216828756754,6.45470355111257,1.42255460918648,0.907725322052327,-62.5385975997943,87.899993896484
"svm_test_result",2427,147,0.394557823129252,9.94376257742515,6.51428782058884,1.52645428806465,0.994767963008423,-3.03338654174786,87.899993896484
"lr_test_result",2427,174,0.362068965517241,9.53685891805975,6.4509924313932,1.4783553103627,0.839066527503156,-115.238048046881,87.899993896484
"nn_test_result",2427,166,0.367469879518072,9.42316263615331,8.374241976391,1.12525559480123,0.653719916979764,-304.482486715703,87.899993896484
