"","Train_size","N_trade","Win_ratio","Mean_gain","Mean_loss","Payoff_ratio","Profit_factor","Cum_Profit","Buy_hold"
"xgb_test_result",2427,296,0.422297297297297,9.31521794030763,7.37850246743535,1.26248083285462,0.922866105887878,-97.3216793929911,376.489990234375
"lr_test_result",2427,229,0.410480349344978,9.21606718376651,8.29955663219306,1.11042885688838,0.773187500351908,-254.129830072012,376.489990234375
"nn_test_result",2427,203,0.45320197044335,12.4104795808875,9.60355245304968,1.29228008505816,1.07107898941757,75.7697991531351,376.489990234375
