"","Train_size","N_trade","Win_ratio","Mean_gain","Mean_loss","Payoff_ratio","Profit_factor","Cum_Profit","Buy_hold"
"xgb_test_result",2427,300,0.356666666666667,6.03857855712323,4.59297636021039,1.3147419197356,0.728898370008855,-240.31653190842,158.5
"lr_test_result",2427,250,0.424,6.78790003284963,5.12813311098952,1.32365909502295,0.974360167169674,-18.93376450043,158.5
"nn_test_result",2427,242,0.37603305785124,7.65805185912416,5.27755631204569,1.45106018890696,0.874479981394264,-100.0282839386,158.5
