"","Train_size","N_trade","Win_ratio","Mean_gain","Mean_loss","Payoff_ratio","Profit_factor","Cum_Profit","Buy_hold"
"xgb_test_result",2427,313,0.408945686900958,7.88390101652743,5.92668176972264,1.3302386264104,0.920381319894766,-87.2967972831778,468.790008544922
"lr_test_result",2427,241,0.394190871369295,6.25161170871933,6.46837487994675,0.966488774189722,0.628879681835778,-350.47962014389,468.790008544922
"nn_test_result",2427,242,0.413223140495868,10.369680494072,7.80383813134309,1.32879236082865,0.935769268189188,-71.1769652435183,468.790008544922
