"","Train_size","N_trade","Win_ratio","Mean_gain","Mean_loss","Payoff_ratio","Profit_factor","Cum_Profit","Buy_hold"
"xgb_test_result",2427,307,0.364820846905537,15.2783443459374,10.8497182681353,1.40817890090369,0.808800189236992,-404.520495541385,581.539993286133
"lr_test_result",2427,265,0.407547169811321,13.4055631091364,9.96654815267576,1.34505577094286,0.92526129466133,-116.947244183361,581.539993286133
"nn_test_result",2427,218,0.385321100917431,14.782277916336,11.7597409567762,1.25702411053691,0.787985263321644,-334.093943235782,581.539993286133
