"","Train_size","N_trade","Win_ratio","Mean_gain","Mean_loss","Payoff_ratio","Profit_factor","Cum_Profit","Buy_hold"
"xgb_test_result",2427,308,0.366883116883117,9.53100462945584,7.36489118661734,1.29411343466615,0.749922144191155,-359.150258261871,311.930007934571
"lr_test_result",2427,294,0.397959183673469,7.36166810405112,7.11981980257193,1.03396831776442,0.683470582929024,-398.892936881252,311.930007934571
"nn_test_result",2427,140,0.4,15.1631594284466,9.92188027338298,1.5282546262047,1.0188364174698,15.6989850288419,311.930007934571
