"","Train_size","N_trade","Win_ratio","Mean_gain","Mean_loss","Payoff_ratio","Profit_factor","Cum_Profit","Buy_hold"
"xgb_test_result",2427,302,0.380794701986755,1.99675355675408,1.44141952631129,1.38526884110133,0.851903298003493,-39.918792393493,48.305004119873
"lr_test_result",2427,276,0.394927536231884,2.07427574048874,1.60558265813496,1.29191463919909,0.843225722591021,-42.0362481952659,48.305004119873
"nn_test_result",2427,237,0.388185654008439,2.13810253250703,1.82921952267614,1.16886054735464,0.741621864528462,-68.5313977973937,48.305004119873
