"","Train_size","N_trade","Win_ratio","Mean_gain","Mean_loss","Payoff_ratio","Profit_factor","Cum_Profit","Buy_hold"
"xgb_test_result",2427,190,0.373684210526316,34.0767411255746,28.1831154121461,1.209119028441,0.721407151422779,-934.342114129595,1064.92004394532
"svm_test_result",2427,34,0.382352941176471,18.8465584094709,7.8216260955811,2.4095447901963,1.49162296535961,80.7511113159183,1064.92004394532
"lr_test_result",2427,122,0.401639344262295,36.7153272287797,22.266247896377,1.64892295278693,1.10681129707616,173.614937774684,1064.92004394532
"nn_test_result",2427,126,0.428571428571429,40.2585527645527,25.3680542370692,1.58697834640091,1.19023375980068,347.461944216863,1064.92004394532
