"","Train_size","N_trade","Win_ratio","Mean_gain","Mean_loss","Payoff_ratio","Profit_factor","Cum_Profit","Buy_hold"
"xgb_test_result",2427,296,0.375,13.0081793985864,9.11628022029153,1.42691745802549,0.856150474815293,-242.603927510839,430.350006103516
"lr_test_result",2427,239,0.414225941422594,12.9643524523493,10.6460319735881,1.21776380951257,0.861132979583892,-206.973583519752,430.350006103516
"nn_test_result",2427,175,0.411428571428571,12.3872215729607,7.16557601538351,1.72871260403449,1.20842046107265,153.825623668669,430.350006103516
