"","Train_size","N_trade","Win_ratio","Mean_gain","Mean_loss","Payoff_ratio","Profit_factor","Cum_Profit","Buy_hold"
"xgb_test_result",2427,316,0.379746835443038,1.43038634414991,1.23876921575507,1.15468347611305,0.706949067007992,-71.1524049900053,39.1800022125244
"lr_test_result",2427,240,0.375,1.17661268730163,1.05287313013967,1.11752561027514,0.670515366165086,-52.0358276638032,39.1800022125244
"nn_test_result",2427,140,0.4,2.21485897887776,1.7346087681952,1.27686370522746,0.851242470151638,-21.6750337112423,39.1800022125244
