"","Train_size","N_trade","Win_ratio","Mean_gain","Mean_loss","Payoff_ratio","Profit_factor","Cum_Profit","Buy_hold"
"xgb_test_result",2427,280,0.360714285714286,4.1401272341435,3.98644482853632,1.03855124358102,0.585998187718897,-295.420773659508,278.449996948242
"lr_test_result",2427,254,0.358267716535433,4.60816002892294,3.78946240929439,1.21604584798639,0.678896761759271,-198.339810082999,278.449996948242
"nn_test_result",2427,205,0.448780487804878,5.42219320578363,5.25773327041223,1.03127962696337,0.839625890979028,-95.2820846244881,278.449996948242
