"","Train_size","N_trade","Win_ratio","Mean_gain","Mean_loss","Payoff_ratio","Profit_factor","Cum_Profit","Buy_hold"
"xgb_test_result",2427,313,0.357827476038339,11.266319153922,7.90943606563591,1.42441497224698,0.793703865132643,-327.968903953554,217.519989013672
"lr_test_result",2427,306,0.339869281045752,12.4907134499623,8.8116846974666,1.41751706725883,0.729810767301574,-480.926110092171,217.519989013672
"nn_test_result",2427,291,0.350515463917526,11.5644332737344,8.72841256737279,1.32491826944143,0.715035256523945,-470.097781312552,217.519989013672
