"","Train_size","N_trade","Win_ratio","Mean_gain","Mean_loss","Payoff_ratio","Profit_factor","Cum_Profit","Buy_hold"
"xgb_test_result",2427,184,0.391304347826087,1.85456435815493,1.16246581549303,1.59537109258422,1.02559570237557,3.33246245193517,33.620002746582
"svm_test_result",2427,165,0.375757575757576,1.92298736284932,1.28394612298613,1.49771655400691,0.901538119887656,-13.0212341709135,33.620002746582
"lr_test_result",2427,174,0.396551724137931,1.92683994779725,1.2376359949457,1.55687128983493,1.02308684760581,3.0001769287115,33.620002746582
"nn_test_result",2427,165,0.43030303030303,1.76083712888905,1.33384152258203,1.32012469178532,0.997115458688909,-0.36166697158766,33.620002746582
