"","Train_size","N_trade","Win_ratio","Mean_gain","Mean_loss","Payoff_ratio","Profit_factor","Cum_Profit","Buy_hold"
"xgb_test_result",2427,212,0.415094339622642,3.48984010831228,3.0647812157508,1.13869143101536,0.80810359620445,-72.9269412216186,264.079990386963
"svm_test_result",2427,98,0.448979591836735,1.97498714073354,1.78933335303554,1.10375584146076,0.899356611560617,-9.72456687164336,264.079990386963
"lr_test_result",2427,192,0.416666666666667,3.32749926305296,3.05074240705285,1.09071787095505,0.779084193539321,-75.4832085456818,264.079990386963
"nn_test_result",2427,128,0.4609375,5.51295314383427,2.4311846274832,2.26759954036949,1.93896192582319,157.512496189881,264.079990386963
