"","Train_size","N_trade","Win_ratio","Mean_gain","Mean_loss","Payoff_ratio","Profit_factor","Cum_Profit","Buy_hold"
"xgb_test_result",2427,317,0.365930599369085,10.4708128393239,8.76539350806094,1.19456278028985,0.689399415490658,-547.229805758681,648.739990234375
"lr_test_result",2427,294,0.370748299319728,11.2807831483893,9.13046159913766,1.2355107160688,0.727949557035133,-459.530032666035,648.739990234375
"nn_test_result",2427,209,0.4688995215311,13.4825000023666,11.5793730066799,1.16435492617682,1.02798903392188,35.9745964904616,648.739990234375
