"","Train_size","N_trade","Win_ratio","Mean_gain","Mean_loss","Payoff_ratio","Profit_factor","Cum_Profit","Buy_hold"
"xgb_test_result",2427,300,0.346666666666667,1.92718440643089,1.50366928720675,1.28165443214637,0.680061535424603,-94.2920020237092,55.2699966430663
"lr_test_result",2427,276,0.358695652173913,1.95101076566908,1.5581546705128,1.25212907459758,0.70034338070712,-82.643310879526,55.2699966430663
"nn_test_result",2427,230,0.38695652173913,2.24069282640601,1.70681534849133,1.31279158485807,0.828641496825306,-41.2393025871428,55.2699966430663
