"","Train_size","N_trade","Win_ratio","Mean_gain","Mean_loss","Payoff_ratio","Profit_factor","Cum_Profit","Buy_hold"
"xgb_test_result",2427,316,0.389240506329114,1.39324482338603,1.21361430721876,1.1480128530941,0.731635134355305,-62.8584480167397,29.25
"lr_test_result",2427,305,0.380327868852459,1.5371694028246,1.29122079989418,1.19047757203924,0.730663483368,-65.7290804523476,29.25
"nn_test_result",2427,276,0.380434782608696,1.71591521766117,1.26802840873317,1.35321512187212,0.830921566061831,-36.661760038949,29.25
