"","Train_size","N_trade","Win_ratio","Mean_gain","Mean_loss","Payoff_ratio","Profit_factor","Cum_Profit","Buy_hold"
"xgb_test_result",2427,309,0.330097087378641,6.20966267373329,4.98002213187102,1.24691467413224,0.614421723485451,-397.478988576506,104.570007324219
"lr_test_result",2427,249,0.381526104417671,5.07608269688653,4.56865233306391,1.11106784382569,0.685398994567797,-221.344603087621,104.570007324219
"nn_test_result",2427,127,0.417322834645669,10.9610389217449,10.445136028063,1.04939168741276,0.751591343687519,-192.005003224184,104.570007324219
