"","Train_size","N_trade","Win_ratio","Mean_gain","Mean_loss","Payoff_ratio","Profit_factor","Cum_Profit","Buy_hold"
"xgb_test_result",2427,201,0.358208955223881,6.91868292412228,4.48502501593306,1.54261858061965,0.860996417090038,-80.4230565185599,414.16000366211
"svm_test_result",2427,76,0.302631578947368,2.49337728112258,2.2219819434976,1.12214110849064,0.486966896137447,-60.4173655395535,414.16000366211
"lr_test_result",2427,169,0.36094674556213,4.94625696468664,4.48954436364351,1.10172805167972,0.62227232548577,-183.149116427613,414.16000366211
"nn_test_result",2427,165,0.43030303030303,5.57971636208541,4.87540084075925,1.14446310043637,0.86443489501045,-62.127817323305,414.16000366211
