"","Train_size","N_trade","Win_ratio","Mean_gain","Mean_loss","Payoff_ratio","Profit_factor","Cum_Profit","Buy_hold"
"xgb_test_result",2427,325,0.375384615384615,2.60542294020416,2.52685399077095,1.03109358503506,0.619672006769837,-195.089761421595,71.6899986267085
"lr_test_result",2427,242,0.43801652892562,2.21738781463694,2.37916340345498,0.93200316187484,0.726414229108331,-88.5231145183607,71.6899986267085
"nn_test_result",2427,207,0.405797101449275,3.53730529748831,3.48704793248374,1.01441258221213,0.692769568339993,-131.773250706482,71.6899986267085
