"","Train_size","N_trade","Win_ratio","Mean_gain","Mean_loss","Payoff_ratio","Profit_factor","Cum_Profit","Buy_hold"
"xgb_test_result",2427,312,0.342948717948718,12.967618856783,10.014502658349,1.29488395971137,0.675866261898127,-665.437827285771,434.490020751954
"lr_test_result",2427,310,0.332258064516129,14.0204476350655,9.77410616518472,1.43444806083713,0.713759180030071,-579.133869781492,434.490020751954
"nn_test_result",2427,300,0.326666666666667,13.3396507302109,9.92805480887535,1.34363185810434,0.651861000466462,-698.181299832151,434.490020751954
