"","Train_size","N_trade","Win_ratio","Mean_gain","Mean_loss","Payoff_ratio","Profit_factor","Cum_Profit","Buy_hold"
"xgb_test_result",2427,311,0.37620578778135,2.51029732754048,2.01215357924587,1.2475674587828,0.752398931327768,-96.6530070514632,49.4100036621092
"lr_test_result",2427,300,0.383333333333333,2.37217740111647,2.05782029842889,1.15276217409634,0.716581892005832,-107.896354080952,49.4100036621092
"nn_test_result",2427,259,0.397683397683398,2.48504432078246,2.06570153004084,1.20300260451147,0.794290181183853,-66.2898736457785,49.4100036621092
