"","Train_size","N_trade","Win_ratio","Mean_gain","Mean_loss","Payoff_ratio","Profit_factor","Cum_Profit","Buy_hold"
"xgb_test_result",2427,188,0.377659574468085,4.39904473423476,3.93969482490997,1.1165953023621,0.677592021091533,-148.612118383798,228.489990234375
"svm_test_result",2427,56,0.446428571428571,5.68208771759017,2.94863639009538,1.92702217766714,1.55405014327995,50.6444648467976,228.489990234375
"lr_test_result",2427,177,0.378531073446328,5.35235472972348,3.95626922332763,1.35287929804271,0.824026481535107,-76.5818476745666,228.489990234375
"nn_test_result",2427,157,0.394904458598726,6.09837104570934,4.44528313915053,1.37187460389187,0.895328688855746,-44.2028933853215,228.489990234375
