"","Train_size","N_trade","Win_ratio","Mean_gain","Mean_loss","Payoff_ratio","Profit_factor","Cum_Profit","Buy_hold"
"xgb_test_result",2427,304,0.358552631578947,5.26590452859353,4.1996931827846,1.2538783904928,0.700885869557513,-244.956577026302,-101.147001525853
"lr_test_result",2427,273,0.384615384615385,4.47462355985404,3.91845155486615,1.1419366801402,0.713710425087623,-188.464387432838,-101.147001525853
"nn_test_result",2427,239,0.364016736401674,4.96777878474459,3.74797595180109,1.32545641931276,0.758649397896117,-137.495590400986,-101.147001525853
