"","Train_size","N_trade","Win_ratio","Mean_gain","Mean_loss","Payoff_ratio","Profit_factor","Cum_Profit","Buy_hold"
"xgb_test_result",2427,205,0.370731707317073,1.48937339692365,1.3735450407339,1.08432803639833,0.638828920668781,-63.9949320884759,51.9899978637692
"svm_test_result",2427,98,0.387755102040816,1.7892330634067,1.41372891816459,1.26561255161253,0.801554616021266,-16.8328786804207,51.9899978637692
"lr_test_result",2427,195,0.358974358974359,1.56795999964031,1.32787091127321,1.18080755164438,0.661252228920854,-56.2266639343293,51.9899978637692
"nn_test_result",2427,152,0.401315789473684,2.01396542844303,1.73501253901473,1.16077860139657,0.778104337199895,-35.0342499153161,51.9899978637692
