"","Train_size","N_trade","Win_ratio","Mean_gain","Mean_loss","Payoff_ratio","Profit_factor","Cum_Profit","Buy_hold"
"xgb_test_result",2427,296,0.39527027027027,7.43430630635316,5.02185948931305,1.48038915110509,0.967628663012821,-29.0990107437158,459.849967956543
"lr_test_result",2427,223,0.475336322869955,7.71759226112357,6.12721667521551,1.25955922080267,1.14113912312037,101.180428678884,459.849967956543
"nn_test_result",2427,228,0.473684210526316,6.34021861571552,6.44182484758378,0.984227104233302,0.885804393809972,-88.275371212778,459.849967956543
