"","Train_size","N_trade","Win_ratio","Mean_gain","Mean_loss","Payoff_ratio","Profit_factor","Cum_Profit","Buy_hold"
"xgb_test_result",2427,310,0.393548387096774,1.32998464048417,1.14616467089754,1.16037832455844,0.753011465936863,-53.2208319896691,11.310001373291
"lr_test_result",2427,285,0.385964912280702,1.35917773823651,1.30267846396964,1.04337161919044,0.655833589205418,-78.4591799886701,11.310001373291
"nn_test_result",2427,215,0.404651162790698,1.07339331149836,1.28102406884282,0.837918145025938,0.569522489197318,-70.5858627115242,11.310001373291
