"","Train_size","N_trade","Win_ratio","Mean_gain","Mean_loss","Payoff_ratio","Profit_factor","Cum_Profit","Buy_hold"
"xgb_test_result",2427,298,0.365771812080537,3.1142657785818,2.50386776171894,1.24378205039223,0.717313457633617,-133.776037099463,7.76999664306641
"lr_test_result",2427,279,0.354838709677419,2.91698750940184,2.29414563441383,1.27149186418026,0.699320525299141,-124.164450763708,7.76999664306641
"nn_test_result",2427,256,0.37109375,3.16350626309035,2.93629021606446,1.0773820127802,0.635722305677759,-172.209629792796,7.76999664306641
