"","Train_size","N_trade","Win_ratio","Mean_gain","Mean_loss","Payoff_ratio","Profit_factor","Cum_Profit","Buy_hold"
"xgb_test_result",2427,180,0.438888888888889,2.91678956652286,2.33435619799933,1.24950492517924,0.97733553553624,-5.34360024262664,154.790008544922
"svm_test_result",2427,113,0.433628318584071,2.81503279610458,2.17276873331074,1.29559706606013,0.991941503702284,-1.12059192276332,154.790008544922
"lr_test_result",2427,180,0.405555555555556,2.9985051225113,2.25733606491805,1.3283379329786,0.906249243994748,-22.6440850029066,154.790008544922
"nn_test_result",2427,106,0.405660377358491,5.16555876466616,2.42146182203749,2.13323981309757,1.45602082481263,69.5669320922832,154.790008544922
