"","Train_size","N_trade","Win_ratio","Mean_gain","Mean_loss","Payoff_ratio","Profit_factor","Cum_Profit","Buy_hold"
"xgb_test_result",2427,306,0.349673202614379,3.66019644102287,2.73691157636018,1.33734552209778,0.719075230474687,-153.004384506229,56.159996032714
"lr_test_result",2427,296,0.344594594594595,3.49206488690843,2.49527224699199,1.39947249888987,0.735805128282305,-127.892197451786,56.159996032714
"nn_test_result",2427,285,0.385964912280702,3.23214027233472,2.55956791776385,1.26276792653287,0.793739839534948,-92.388955651855,56.159996032714
