"","Train_size","N_trade","Win_ratio","Mean_gain","Mean_loss","Payoff_ratio","Profit_factor","Cum_Profit","Buy_hold"
"xgb_test_result",2427,181,0.403314917127072,8.85083250740783,7.6091868689643,1.16317717777544,0.78622161090377,-175.681408807372,164.789993286133
"svm_test_result",2427,163,0.392638036809816,7.70262800493243,7.14899073695944,1.07744271720912,0.696528625266504,-214.781890643309,164.789993286133
"lr_test_result",2427,181,0.392265193370166,8.25673630003595,7.19191600212787,1.14805794416857,0.741019218508803,-204.882482931513,164.789993286133
"nn_test_result",2427,162,0.388888888888889,8.82259527648446,7.71452048278194,1.14363495387375,0.727767697919662,-207.914025376891,164.789993286133
