"","Train_size","N_trade","Win_ratio","Mean_gain","Mean_loss","Payoff_ratio","Profit_factor","Cum_Profit","Buy_hold"
"xgb_test_result",2427,180,0.333333333333333,5.02779294352203,3.07579407731378,1.63463249396495,0.817316246982474,-67.427712666331,108.559997558594
"svm_test_result",2427,115,0.260869565217391,6.48496588144937,3.37963664206122,1.91883523830367,0.67723596646012,-92.720138131723,108.559997558594
"lr_test_result",2427,182,0.324175824175824,5.04310632750938,2.95370965335507,1.70738052123065,0.818987404492751,-65.7630140396199,108.559997558594
"nn_test_result",2427,130,0.369230769230769,4.86207696475976,3.56878303734385,1.36239074045209,0.797497018801226,-59.260514753727,108.559997558594
