"","Train_size","N_trade","Win_ratio","Mean_gain","Mean_loss","Payoff_ratio","Profit_factor","Cum_Profit","Buy_hold"
"xgb_test_result",2427,318,0.330188679245283,4.87341469257175,3.84668060670233,1.26691430634518,0.624535221437766,-307.634426507563,195.849990844727
"lr_test_result",2427,305,0.318032786885246,5.51046112373592,3.82720763620228,1.43981242920071,0.67145098861764,-261.54445932769,195.849990844727
"nn_test_result",2427,259,0.374517374517374,6.31511880939914,4.13648339527268,1.52668781811533,0.914127891093746,-57.5437855224581,195.849990844727
