"","Train_size","N_trade","Win_ratio","Mean_gain","Mean_loss","Payoff_ratio","Profit_factor","Cum_Profit","Buy_hold"
"xgb_test_result",2427,204,0.343137254901961,10.0986533709498,6.21170680313113,1.62574533715265,0.849269952243923,-125.462975653082,438.830001831055
"svm_test_result",2427,74,0.405405405405405,8.62570211044308,5.00870174435705,1.72214329195406,1.17418860815049,38.3881865615821,438.830001831055
"lr_test_result",2427,155,0.387096774193548,13.3013460439555,6.46231668638531,2.05829374966697,1.29997499978967,184.160677430724,438.830001831055
"nn_test_result",2427,136,0.419117647058824,12.6478770976551,7.29637554019977,1.73344656233372,1.2507146082661,144.51532689056,438.830001831055
